id,date,league,home,away,status,score_home,score_away,odd_1,odd_X,odd_2,home_avg_rating,home_position,home_form,away_avg_rating,away_position,away_form,h2h_home_wins,h2h_away_wins,h2h_draws,lineups
14566921,2025-12-11,UEFA Champions League,Qarabağ FK,AFC Ajax,Ended,2,4,2.05,3.9,3.25,6.75,21.0,"W,W,L,D,L",6.43,36.0,"L,L,L,L,L",0,1,0,[]
14566784,2025-12-11,UEFA Champions League,Villarreal,FC København,Ended,2,3,1.42,5.25,6.25,6.60,34.0,"L,D,L,L,L",6.55,29.0,"D,L,L,L,W",0,0,0,[]
14566908,2025-12-11,UEFA Champions League,Athletic Club,Paris Saint-Germain,Ended,0,0,4.1,3.8,1.8,6.61,29.0,"L,L,W,L,D",7.04,4.0,"W,W,W,L,W",1,1,0,[]
14566707,2025-12-11,UEFA Champions League,Bayer 04 Leverkusen,Newcastle United,Ended,2,2,3.25,3.75,2.1,6.83,20.0,"D,D,L,W,W",6.99,15.0,"L,W,W,W,L",0,0,0,[]
14566737,2025-12-11,UEFA Champions League,Benfica,Napoli,Ended,2,0,2.7,3.1,2.8,6.77,31.0,"L,L,L,L,W",6.71,22.0,"L,W,L,D,W",0,2,0,[]
14566621,2025-12-11,UEFA Champions League,Borussia Dortmund,Bodø/Glimt,Ended,2,2,1.33,5.75,7.5,6.87,10.0,"D,W,W,L,W",6.82,34.0,"D,D,L,L,L",0,0,0,[]
14566746,2025-12-11,UEFA Champions League,Club Brugge KV,Arsenal,Ended,0,3,7.0,5.25,1.4,6.78,28.0,"W,L,L,D,L",7.08,1.0,"W,W,W,W,W",0,0,0,[]
14566767,2025-12-11,UEFA Champions League,Juventus,Pafos FC,Ended,2,0,1.18,7.0,15.0,6.78,24.0,"D,D,L,D,W",6.65,25.0,"D,L,D,W,D",0,0,0,[]
14566595,2025-12-11,UEFA Champions League,Real Madrid,Manchester City,Ended,1,2,3.1,3.9,2.1,7.01,6.0,"W,W,W,L,W",7.06,12.0,"W,D,W,W,L",7,5,4,[]
15165448,2025-12-11,FIFA Intercontinental Cup,Cruz Azul,Flamengo,Ended,1,2,5.75,4.0,1.53,,,,,,,0,0,0,[]
14572761,2025-12-11,UEFA Europa League,FC Midtjylland,KRC Genk,Ended,1,0,1.7,4.2,4.33,6.90,2.0,"W,W,W,W,L",6.87,9.0,"W,L,D,W,W",0,0,0,[]
14572818,2025-12-11,UEFA Europa League,FC Utrecht,Nottingham Forest,Ended,1,2,4.33,3.8,1.8,6.74,32.0,"L,L,L,D,L",6.96,16.0,"D,L,W,D,W",0,0,0,[]
14572733,2025-12-11,UEFA Europa League,Ferencváros TC,Rangers,Ended,2,1,1.7,4.1,4.5,6.87,6.0,"D,W,W,W,D",6.68,33.0,"L,L,L,L,D",0,0,0,[]
14572651,2025-12-11,UEFA Europa League,GNK Dinamo Zagreb,Real Betis,Ended,1,3,3.6,3.6,1.95,6.73,23.0,"W,W,D,L,L",6.88,5.0,"D,W,D,W,W",1,0,1,[]
14572765,2025-12-11,UEFA Europa League,Ludogorets,PAOK,Ended,3,3,3.75,3.4,2.0,6.71,25.0,"W,L,L,L,W",6.92,17.0,"D,L,W,W,D",0,0,0,[]
14025192,2025-12-13,Premier League,Chelsea,Everton,Ended,2,0,1.73,3.8,4.75,6.89,5.0,"W,W,D,L,D",6.84,7.0,"W,W,L,W,W",30,15,25,[]
14025198,2025-12-13,Premier League,Liverpool,Brighton & Hove Albion,Ended,2,0,1.73,4.0,4.5,6.80,10.0,"L,L,W,D,D",6.81,8.0,"D,W,W,L,D",12,4,4,[]
14025189,2025-12-13,Premier League,Burnley,Fulham,Ended,2,3,3.9,3.5,1.95,6.62,19.0,"L,L,L,L,L",6.74,15.0,"L,W,W,L,L",7,2,3,[]
14025183,2025-12-13,Premier League,Arsenal,Wolverhampton,Ended,2,1,1.11,9.0,21.0,6.97,1.0,"D,W,D,W,L",6.62,20.0,"L,L,L,L,L",16,3,3,[]
13981561,2025-12-13,Serie A,Lecce,Pisa,Ended,1,0,2.4,2.9,3.3,6.71,17.0,"W,D,L,W,L",6.76,18.0,"D,W,D,L,L",3,3,0,[]
13981573,2025-12-13,Serie A,Torino,Cremonese,Ended,1,0,2.0,3.3,4.0,6.68,17.0,"D,D,L,L,L",6.76,9.0,"L,L,L,W,W",2,0,2,[]
13981566,2025-12-13,Serie A,Parma,Lazio,Ended,0,1,3.9,3.25,2.05,6.72,17.0,"L,D,W,L,W",6.88,10.0,"W,L,W,L,D",9,24,11,[]
13981569,2025-12-13,Serie A,Atalanta,Cagliari,Ended,2,1,1.33,5.25,9.0,6.83,13.0,"L,L,L,W,L",6.73,15.0,"L,D,D,L,W",17,12,7,[]
13981562,2025-12-13,Serie A,Milan,Sassuolo,Ended,2,2,1.5,4.33,6.0,6.97,1.0,"W,D,W,W,W",6.78,9.0,"L,W,D,L,W",13,7,4,[]
14083177,2025-12-13,LaLiga,Real Sociedad,Girona FC,Ended,1,2,1.75,3.75,4.5,6.75,14.0,"W,D,W,L,L",6.68,18.0,"L,W,D,D,L",5,1,8,[]
14083165,2025-12-13,LaLiga,Atlético Madrid,Valencia,Ended,2,1,1.33,5.25,9.5,6.87,4.0,"W,W,W,L,L",6.73,16.0,"L,D,W,D,D",27,20,19,[]
14083174,2025-12-13,LaLiga,Mallorca,Elche,Ended,3,1,2.45,3.0,3.2,6.76,18.0,"L,W,L,D,D",6.85,9.0,"L,D,D,L,W",3,3,6,[]
14083168,2025-12-13,LaLiga,Barcelona,Osasuna,Ended,2,0,1.18,7.5,15.0,7.04,1.0,"W,W,W,W,W",6.82,16.0,"D,L,L,D,W",30,7,10,[]
14083175,2025-12-13,LaLiga,Getafe,Espanyol,Ended,0,1,2.55,2.88,3.2,6.69,8.0,"W,L,L,W,L",6.83,5.0,"L,L,W,W,W",15,15,9,[]
15207978,2025-12-13,FIFA Intercontinental Cup,Flamengo,Pyramids FC,Ended,2,0,1.42,4.2,7.5,,,,,,,0,0,0,[]
14025195,2025-12-14,Premier League,Crystal Palace,Manchester City,Ended,0,3,4.0,3.8,1.85,6.94,5.0,"D,W,L,W,W",6.99,2.0,"W,L,W,W,W",5,21,6,[]
14025204,2025-12-14,Premier League,Nottingham Forest,Tottenham Hotspur,Ended,3,0,2.7,3.3,2.7,6.72,17.0,"W,W,L,W,L",6.82,11.0,"D,L,L,D,W",8,7,1,[]
14025207,2025-12-14,Premier League,Sunderland,Newcastle United,Ended,1,0,3.4,3.4,2.15,6.83,10.0,"D,L,W,D,L",6.84,12.0,"L,W,W,D,W",9,10,10,[]
14025210,2025-12-14,Premier League,West Ham United,Aston Villa,Ended,2,3,3.2,3.5,2.2,6.70,18.0,"W,D,L,D,D",6.84,3.0,"W,W,W,W,W",15,16,23,[]
14025186,2025-12-14,Premier League,Brentford,Leeds United,Ended,1,1,2.15,3.3,3.6,6.73,15.0,"W,L,W,L,L",6.68,17.0,"L,L,L,W,D",6,4,8,[]
13981571,2025-12-14,Serie A,Fiorentina,Hellas Verona,Ended,1,2,2.0,3.2,4.2,6.68,20.0,"L,D,D,L,L",6.65,19.0,"L,D,L,L,W",14,7,6,[]
13981570,2025-12-14,Serie A,Udinese,Napoli,Ended,1,0,4.33,3.4,1.9,6.77,12.0,"W,L,L,W,L",6.86,2.0,"D,L,W,W,W",7,22,13,[]
14062138,2025-12-12,Bundesliga,1. FC Union Berlin,RB Leipzig,Ended,3,1,3.0,3.4,2.35,6.70,12.0,"D,D,W,L,L",7.01,2.0,"W,L,W,D,W",6,8,3,[]
14064439,2025-12-12,Ligue 1,Angers,Nantes,Ended,4,1,2.15,3.2,3.6,6.76,11.0,"L,W,W,L,W",6.71,17.0,"L,D,D,L,L",11,14,8,[]
14572782,2025-12-12,UEFA Europa League,Nice,Sporting Braga,Ended,0,1,3.2,3.7,2.1,6.60,36.0,"L,L,L,L,L",6.92,7.0,"W,W,W,L,D",0,1,0,[]
14572787,2025-12-12,UEFA Europa League,SK Sturm Graz,FK Crvena zvezda,Ended,0,1,3.1,3.8,2.15,6.69,28.0,"L,W,L,D,L",6.74,22.0,"D,L,L,W,W",0,0,1,[]
14572800,2025-12-12,UEFA Europa League,VfB Stuttgart,Maccabi Tel Aviv,Ended,4,1,1.17,7.5,17.0,6.92,12.0,"W,L,L,W,W",6.47,35.0,"D,L,L,L,L",0,0,0,[]
14572753,2025-12-12,UEFA Europa League,Young Boys,Lille,Ended,1,0,5.0,4.2,1.6,6.63,26.0,"L,W,W,L,L",7.02,11.0,"W,W,L,L,W",0,0,0,[]
14572748,2025-12-12,UEFA Europa League,Basel,Aston Villa,Ended,1,2,3.9,4.2,1.8,6.83,26.0,"L,W,L,W,L",6.96,7.0,"W,W,L,W,W",0,0,0,[]
14572794,2025-12-12,UEFA Europa League,Celta Vigo,Bologna,Ended,1,2,2.25,3.6,3.0,6.85,13.0,"L,W,W,W,L",6.94,20.0,"L,D,W,D,W",0,0,0,[]
14566985,2025-12-10,UEFA Champions League,Kairat Almaty,Olympiacos FC,Ended,0,1,7.5,4.75,1.4,6.71,35.0,"L,L,D,L,L",6.61,33.0,"D,L,L,D,L",0,0,0,[]
14566572,2025-12-10,UEFA Champions League,FC Bayern München,Sporting CP,Ended,3,1,1.2,7.0,12.0,6.97,3.0,"W,W,W,W,L",6.94,8.0,"W,L,W,D,W",3,0,1,[]
14566928,2025-12-10,UEFA Champions League,AS Monaco,Galatasaray,Ended,1,0,1.91,3.9,3.6,6.87,23.0,"L,D,D,W,D",6.88,14.0,"L,W,W,W,L",0,0,0,[]
14566726,2025-12-10,UEFA Champions League,Atalanta,Chelsea,Ended,2,1,3.1,3.6,2.2,6.82,10.0,"L,W,D,W,W",6.82,7.0,"L,W,W,D,W",0,0,0,[]
14566651,2025-12-10,UEFA Champions League,Barcelona,Eintracht Frankfurt,Ended,2,1,1.14,9.0,13.0,6.88,18.0,"W,L,W,D,L",6.59,29.0,"W,L,L,D,L",0,1,1,[]
14566611,2025-12-10,UEFA Champions League,Inter,Liverpool,Ended,0,1,1.95,3.75,3.6,7.14,4.0,"W,W,W,W,L",6.88,13.0,"W,L,W,W,L",1,3,0,[]
14566892,2025-12-10,UEFA Champions League,PSV Eindhoven,Atlético Madrid,Ended,2,3,2.88,3.8,2.2,6.86,15.0,"L,D,W,D,W",6.82,12.0,"L,W,L,W,W",0,5,1,[]
14566951,2025-12-10,UEFA Champions League,Royale Union Saint-Gilloise,Olympique de Marseille,Ended,2,3,3.0,3.5,2.3,6.68,25.0,"W,L,L,L,W",6.89,21.0,"L,W,L,L,W",0,0,0,[]
14566828,2025-12-10,UEFA Champions League,Tottenham Hotspur,SK Slavia Praha,Ended,3,0,1.42,4.5,7.5,6.89,16.0,"W,D,D,W,L",6.79,32.0,"D,L,D,L,D",0,0,0,[]
14025156,2025-12-07,Premier League,Aston Villa,Arsenal,Ended,2,1,4.2,3.5,1.91,6.84,3.0,"L,W,W,W,W",6.99,1.0,"W,D,W,D,W",11,34,15,[]
14025153,2025-12-07,Premier League,Bournemouth,Chelsea,Ended,0,0,3.2,3.75,2.1,6.75,14.0,"L,L,D,L,L",6.89,4.0,"W,W,W,D,L",4,12,3,[]
14025162,2025-12-07,Premier League,Everton,Nottingham Forest,Ended,3,0,2.1,3.25,3.7,6.83,10.0,"D,W,W,L,W",6.74,16.0,"D,W,W,L,W",7,5,2,[]
14025171,2025-12-07,Premier League,Manchester City,Sunderland,Ended,3,0,1.25,6.25,10.0,6.96,3.0,"W,W,L,W,W",6.85,6.0,"D,D,L,W,D",20,5,3,[]
14025174,2025-12-07,Premier League,Newcastle United,Burnley,Ended,2,1,1.3,5.5,9.5,6.82,12.0,"L,L,W,W,D",6.63,19.0,"L,L,L,L,L",8,3,4,[]
14025177,2025-12-07,Premier League,Tottenham Hotspur,Brentford,Ended,2,0,2.4,3.3,3.0,6.80,11.0,"L,D,L,L,D",6.73,13.0,"L,W,L,W,L",5,1,3,[]
14025168,2025-12-07,Premier League,Leeds United,Liverpool,Ended,3,3,4.5,4.0,1.73,6.68,17.0,"L,L,L,L,W",6.81,12.0,"W,L,L,W,D",7,19,4,[]
14025159,2025-12-07,Premier League,Brighton & Hove Albion,West Ham United,Ended,1,1,1.57,4.2,5.5,6.81,10.0,"W,D,W,W,L",6.69,18.0,"W,W,D,L,D",7,3,8,[]
14025165,2025-12-07,Premier League,Fulham,Crystal Palace,Ended,1,2,2.45,3.4,2.88,6.74,15.0,"W,L,W,W,L",6.94,6.0,"W,D,W,L,W",5,6,6,[]
13981558,2025-12-07,Serie A,Sassuolo,Fiorentina,Ended,3,1,2.75,3.25,2.6,6.77,10.0,"W,L,W,D,L",6.70,19.0,"L,L,D,D,L",7,9,6,[]
13981559,2025-12-07,Serie A,Inter,Como,Ended,4,0,1.55,4.33,5.5,6.99,3.0,"W,W,W,L,W",6.94,5.0,"W,D,D,W,W",4,0,0,[]
13981553,2025-12-07,Serie A,Hellas Verona,Atalanta,Ended,3,1,5.25,3.9,1.65,6.62,19.0,"L,L,D,L,L",6.86,12.0,"D,L,L,L,W",8,12,4,[]
13981563,2025-12-07,Serie A,Cremonese,Lecce,Ended,2,0,2.3,3.0,3.5,6.75,11.0,"W,L,L,L,W",6.73,14.0,"L,W,D,L,W",2,5,3,[]
13981560,2025-12-07,Serie A,Cagliari,Roma,Ended,1,0,5.5,3.6,1.65,6.70,15.0,"L,L,D,D,L",6.85,4.0,"W,L,W,W,L",9,23,11,[]
13981556,2025-12-07,Serie A,Lazio,Bologna,Ended,1,1,2.25,3.0,3.5,6.89,10.0,"D,W,L,W,L",6.86,5.0,"D,W,W,W,L",26,12,11,[]
14912436,2025-12-09,Premier League,Wolverhampton,Manchester United,Ended,1,4,5.0,4.1,1.62,6.61,20.0,"L,L,L,L,L",6.82,12.0,"D,D,L,W,D",7,16,4,[]
13981555,2025-12-09,Serie A,Pisa,Parma,Ended,0,1,2.45,3.1,3.1,6.76,18.0,"D,D,W,D,L",6.71,17.0,"L,L,D,W,L",3,3,3,[]
13981552,2025-12-09,Serie A,Udinese,Genoa,Ended,1,2,2.4,3.0,3.25,6.77,11.0,"L,W,L,L,W",6.73,17.0,"L,W,D,D,W",10,12,12,[]
13981554,2025-12-09,Serie A,Torino,Milan,Ended,2,3,5.5,3.7,1.65,6.68,16.0,"D,D,D,L,L",6.97,3.0,"D,W,D,W,W",7,21,14,[]
14083160,2025-12-09,LaLiga,Osasuna,Levante UD,Ended,2,0,1.67,3.9,5.0,6.79,17.0,"L,D,L,L,D",6.70,20.0,"D,L,L,L,L",10,7,3,[]
14733306,2025-12-09,"UEFA Champions League, Women, League Phase",SKN St. Pölten,Juventus,Ended,0,5,11.0,7.0,1.18,6.42,17.0,"L,L,L,D",6.75,8.0,"W,L,W,D",0,1,0,[]
13981557,2025-12-08,Serie A,Napoli,Juventus,Ended,2,1,2.55,2.8,3.1,6.86,3.0,"W,D,L,W,W",6.87,7.0,"W,W,D,D,W",20,22,8,[]
14083153,2025-12-08,LaLiga,Elche,Girona FC,Ended,3,0,2.1,3.2,3.75,6.82,11.0,"L,L,D,D,L",6.70,18.0,"D,L,W,D,D",10,5,6,[]
14083163,2025-12-08,LaLiga,Valencia,Sevilla,Ended,1,1,2.0,3.3,3.8,6.73,16.0,"L,L,D,W,D",6.77,14.0,"L,L,W,L,L",27,24,14,[]
14083154,2025-12-08,LaLiga,Espanyol,Rayo Vallecano,Ended,1,0,2.38,3.2,3.1,6.82,6.0,"W,L,L,W,W",6.78,11.0,"W,L,D,D,D",16,10,7,[]
14083158,2025-12-08,LaLiga,Real Madrid,Celta Vigo,Ended,0,2,1.25,6.5,9.5,7.08,2.0,"W,D,D,D,W",6.79,14.0,"W,W,L,W,L",39,12,6,[]
14083162,2025-12-06,LaLiga,Real Oviedo,Mallorca,Ended,0,0,2.55,2.9,3.0,6.75,20.0,"D,D,L,D,L",6.76,16.0,"D,L,W,L,D",1,6,10,[]
14083159,2025-12-06,LaLiga,Villarreal,Getafe,Ended,2,0,1.6,3.8,6.0,6.94,3.0,"W,W,W,W,W",6.71,7.0,"W,W,L,L,W",23,8,9,[]
14083150,2025-12-06,LaLiga,Deportivo Alavés,Real Sociedad,Ended,1,0,2.75,2.9,2.88,6.71,14.0,"L,W,L,L,L",6.74,10.0,"W,W,D,W,L",15,14,9,[]
14083155,2025-12-06,LaLiga,Real Betis,Barcelona,Ended,3,5,3.75,4.0,1.85,6.92,5.0,"L,W,D,D,W",7.04,1.0,"W,W,W,W,W",9,38,11,[]
14025126,2025-12-04,Premier League,Arsenal,Brentford,Ended,2,0,1.42,4.5,7.5,6.98,1.0,"W,W,D,W,D",6.75,12.0,"W,L,W,L,W",7,1,2,[]
14025129,2025-12-04,Premier League,Brighton & Hove Albion,Aston Villa,Ended,3,4,2.25,3.4,3.2,6.82,5.0,"L,W,D,W,W",6.85,4.0,"W,L,W,W,W",2,9,6,[]
14025132,2025-12-04,Premier League,Burnley,Crystal Palace,Ended,0,1,4.75,3.75,1.73,6.63,19.0,"W,L,L,L,L",6.93,10.0,"L,W,D,W,L",9,10,7,[]
14025144,2025-12-04,Premier League,Wolverhampton,Nottingham Forest,Ended,0,1,3.1,3.25,2.38,6.61,20.0,"L,L,L,L,L",6.73,16.0,"L,D,W,W,L",8,6,6,[]
14025138,2025-12-04,Premier League,Leeds United,Chelsea,Ended,3,1,3.8,3.5,2.0,6.66,18.0,"W,L,L,L,L",6.91,3.0,"L,W,W,W,D",9,13,8,[]
14025147,2025-12-04,Premier League,Liverpool,Sunderland,Ended,1,1,1.36,5.25,7.0,6.82,8.0,"L,W,L,L,W",6.86,6.0,"W,D,D,L,W",18,3,11,[]
14025150,2025-12-04,Premier League,Manchester United,West Ham United,Ended,1,1,1.42,5.25,6.25,6.82,9.0,"W,D,D,L,W",6.67,18.0,"L,W,W,D,L",40,13,15,[]
14083210,2025-12-04,LaLiga,Athletic Club,Real Madrid,Ended,0,3,4.33,3.8,1.8,6.75,8.0,"L,L,W,L,W",7.05,2.0,"W,W,D,D,D",14,42,11,[]
15037725,2025-12-04,Copa del Rey,CD Eldense,Almería,Ended,2,1,3.6,3.5,1.91,,,,,,,1,1,0,[]
15037715,2025-12-04,Copa del Rey,CF Talavera,Málaga,Ended,2,1,3.8,3.5,1.91,,,,,,,0,0,0,[]
15037727,2025-12-04,Copa del Rey,Cultural Leonesa,FC Andorra,Ended,4,2,2.01,3.2,3.9,,,,,,,0,0,2,[]
15037729,2025-12-04,Copa del Rey,Mirandés,Sporting Gijón,Ended,0,2,2.57,3.2,2.57,,,,,,,5,9,6,[]
15037713,2025-12-04,Copa del Rey,Real Murcia,Cádiz,Ended,3,2,2.7,3.05,2.65,,,,,,,1,3,3,[]
15037719,2025-12-04,Copa del Rey,CD Cieza,Levante UD,Ended,0,1,6.25,4.33,1.46,,,,,,,0,0,0,[]
15037731,2025-12-04,Copa del Rey,CD Quintanar Del Rey,Elche,AET,1,2,9.5,5.5,1.25,,,,,,,0,0,0,[]
14065165,2025-12-05,Bundesliga,1. FSV Mainz 05,Borussia M'gladbach,Ended,0,1,2.63,3.4,2.55,6.67,18.0,"L,D,L,D,L",6.83,12.0,"L,W,W,W,D",13,15,13,[]
14064436,2025-12-05,Ligue 1,Stade Brestois,AS Monaco,Ended,1,0,3.4,3.9,2.0,6.75,11.0,"L,D,L,W,W",6.79,7.0,"W,L,L,L,W",5,8,0,[]
14064427,2025-12-05,Ligue 1,Lille,Olympique de Marseille,Ended,1,0,2.4,3.5,2.9,6.89,4.0,"L,W,L,W,W",6.95,3.0,"D,W,W,W,D",17,22,14,[]
15037709,2025-12-05,Copa del Rey,CD Atlético Baleares,Espanyol,Ended,1,0,7.0,5.0,1.37,,,,,,,0,0,0,[]
15037723,2025-12-05,Copa del Rey,CE Sabadell,Deportivo La Coruña,Ended,0,2,2.85,2.95,2.5,,,,,,,1,4,1,[]
15037720,2025-12-05,Copa del Rey,Leganés,Albacete Balompié,Ended,1,2,2.25,3.25,2.95,,,,,,,6,6,3,[]
15037732,2025-12-05,Copa del Rey,Real Ávila CF,Rayo Vallecano,AET,1,2,6.25,5.0,1.37,,,,,,,0,0,0,[]
15037707,2025-12-05,Copa del Rey,SD Ponferradina,Real Racing Club,AET,1,2,3.5,3.6,1.96,,,,,,,2,2,6,[]
15037718,2025-12-05,Copa del Rey,CD Extremadura,Sevilla,Ended,1,2,6.5,5.25,1.35,,,,,,,0,0,0,[]
15037735,2025-12-05,Copa del Rey,FC Cartagena,Valencia,AET,1,2,5.5,3.7,1.57,,,,,,,0,4,0,[]
15037708,2025-12-05,Copa del Rey,Real Zaragoza,Burgos Club de Fútbol,AET,0,1,2.4,2.82,3.25,,,,,,,2,3,4,[]
15037714,2025-12-05,Copa del Rey,UE Sant Andreu,Celta Vigo,AP,7,8,6.25,4.5,1.42,,,,,,,0,0,0,[]
15037716,2025-12-05,Copa del Rey,CD Tenerife,Granada,Ended,0,1,2.2,3.3,3.05,,,,,,,2,5,3,[]
14025123,2025-12-03,Premier League,Bournemouth,Everton,Ended,0,1,2.15,3.5,3.3,6.76,11.0,"W,L,L,D,L",6.82,14.0,"L,D,W,W,L",11,7,2,[]
14025135,2025-12-03,Premier League,Fulham,Manchester City,Ended,4,5,5.0,4.2,1.62,6.76,15.0,"L,W,L,W,W",6.97,2.0,"L,W,W,L,W",4,24,10,[]
14025141,2025-12-03,Premier League,Newcastle United,Tottenham Hotspur,Ended,2,2,1.85,3.75,4.0,6.82,13.0,"W,L,L,W,W",6.81,12.0,"W,L,D,L,L",27,27,8,[]
14083215,2025-12-03,LaLiga,Barcelona,Atlético Madrid,Ended,3,1,1.7,4.2,4.33,7.05,1.0,"L,W,W,W,W",6.91,4.0,"W,W,W,W,W",38,19,18,[]
15037726,2025-12-03,Copa del Rey,CD Ebro,Osasuna,Ended,3,5,8.0,4.5,1.37,,,,,,,0,0,0,[]
15037712,2025-12-03,Copa del Rey,Club Portugalete,Deportivo Alavés,Ended,0,3,13.0,5.5,1.19,,,,,,,0,0,0,[]
15037721,2025-12-03,Copa del Rey,Numancia,Mallorca,Ended,2,3,5.0,3.6,1.66,,,,,,,3,9,6,[]
15037717,2025-12-03,Copa del Rey,Racing de Ferrol,Huesca,Ended,0,2,2.35,3.05,2.95,,,,,,,1,4,1,[]
13981550,2025-12-02,Serie A,Bologna,Cremonese,Ended,1,3,1.53,4.0,6.5,6.87,5.0,"D,D,W,W,W",6.72,12.0,"D,W,L,L,L",1,0,1,[]
14083141,2025-12-02,LaLiga,Rayo Vallecano,Valencia,Ended,1,1,2.0,3.3,3.9,6.78,11.0,"W,W,L,D,D",6.72,16.0,"D,L,L,D,W",8,17,11,[]
15037722,2025-12-02,Copa del Rey,Guadalajara,AD Ceuta,Ended,1,0,4.0,3.2,1.96,,,,,,,0,1,2,[]
15037728,2025-12-02,Copa del Rey,CDA Navalcarnero,Getafe,AET,2,3,6.0,4.1,1.49,,,,,,,0,0,0,[]
14131959,2025-12-02,Liga Portugal Betclic,FC Arouca,Sporting Braga,Ended,0,4,7.0,4.0,1.45,6.53,17.0,"L,D,L,L,L",6.84,8.0,"L,D,W,L,W",2,14,4,[]
14053642,2025-12-02,VriendenLoterij Eredivisie,AFC Ajax,FC Groningen,Ended,2,0,1.85,3.8,3.75,6.93,6.0,"L,W,D,L,L",6.80,8.0,"L,W,D,L,D",24,5,4,[]
13472621,2025-12-02,Brasileirão Betano,Vasco da Gama,Mirassol,Ended,0,2,2.1,3.4,3.4,6.92,11.0,"L,L,L,L,W",6.96,4.0,"L,W,D,W,L",0,0,0,[]
14025102,2025-12-01,Premier League,Crystal Palace,Manchester United,Ended,1,2,2.0,3.7,3.5,6.96,6.0,"D,L,W,D,W",6.81,12.0,"W,W,D,D,L",6,20,8,[]
14025093,2025-12-01,Premier League,Aston Villa,Wolverhampton,Ended,1,0,1.5,4.5,6.25,6.83,5.0,"W,W,L,W,W",6.61,20.0,"L,L,L,L,L",9,9,8,[]
14025111,2025-12-01,Premier League,Nottingham Forest,Brighton & Hove Albion,Ended,0,2,2.8,3.3,2.6,6.73,16.0,"L,L,D,W,W",6.80,8.0,"W,L,W,D,W",6,7,6,[]
14025120,2025-12-01,Premier League,West Ham United,Liverpool,Ended,0,2,4.5,4.33,1.6,6.69,17.0,"L,L,W,W,D",6.80,13.0,"L,L,W,L,L",11,39,12,[]
14025099,2025-12-01,Premier League,Chelsea,Arsenal,Ended,1,1,3.0,3.2,2.45,6.92,4.0,"W,L,W,W,W",6.99,1.0,"W,W,W,D,W",25,33,21,[]
13981546,2025-12-01,Serie A,Lecce,Torino,Ended,2,1,3.0,2.88,2.63,6.70,18.0,"L,L,W,D,L",6.69,12.0,"W,D,D,D,L",6,7,5,[]
13981543,2025-12-01,Serie A,Pisa,Inter,Ended,0,2,10.0,6.0,1.27,6.76,18.0,"D,D,D,W,D",6.99,4.0,"L,W,W,W,L",0,1,0,[]
13981549,2025-12-01,Serie A,Atalanta,Fiorentina,Ended,2,0,1.65,3.9,5.0,6.84,13.0,"D,D,L,L,L",6.70,19.0,"D,L,L,D,D",13,24,14,[]
13981540,2025-12-01,Serie A,Roma,Napoli,Ended,0,1,2.75,2.8,3.0,6.87,3.0,"W,W,L,W,W",6.85,4.0,"W,W,D,L,W",16,15,11,[]
14083143,2025-12-01,LaLiga,Real Sociedad,Villarreal,Ended,2,3,2.75,3.4,2.5,6.76,9.0,"D,W,W,D,W",6.95,4.0,"D,W,W,W,W",14,21,17,[]
14083147,2025-12-01,LaLiga,Sevilla,Real Betis,Ended,0,2,2.8,3.25,2.55,6.78,9.0,"L,L,L,W,L",6.91,5.0,"D,L,W,D,D",25,12,19,[]
14083137,2025-12-01,LaLiga,Celta Vigo,Espanyol,Ended,0,1,1.85,3.5,4.33,6.81,11.0,"D,W,W,L,W",6.82,6.0,"W,W,L,L,W",16,18,17,[]
14083139,2025-12-01,LaLiga,Girona FC,Real Madrid,Ended,1,1,7.0,5.5,1.36,6.69,18.0,"L,D,L,W,D",7.07,3.0,"W,W,W,D,D",3,8,1,[]
14025096,2025-11-30,Premier League,Brentford,Burnley,Ended,3,1,1.48,4.5,6.5,6.73,13.0,"W,W,L,W,L",6.65,19.0,"W,W,L,L,L",2,4,0,[]
14025108,2025-11-30,Premier League,Manchester City,Leeds United,Ended,3,2,1.22,7.0,11.0,6.98,3.0,"W,L,W,W,L",6.66,18.0,"L,W,L,L,L",8,6,5,[]
14025114,2025-11-30,Premier League,Sunderland,Bournemouth,Ended,3,2,3.2,3.3,2.3,6.85,7.0,"W,W,D,D,L",6.78,8.0,"D,W,L,L,D",1,2,1,[]
14025105,2025-11-30,Premier League,Everton,Newcastle United,Ended,1,4,2.7,3.25,2.7,6.84,12.0,"L,L,D,W,W",6.79,14.0,"L,W,L,L,W",24,23,13,[]
14025117,2025-11-30,Premier League,Tottenham Hotspur,Fulham,Ended,1,2,2.38,3.4,3.0,6.83,10.0,"L,W,L,D,L",6.75,15.0,"L,L,W,L,W",21,11,9,[]
13981547,2025-11-30,Serie A,Genoa,Hellas Verona,Ended,2,1,2.0,2.8,4.75,6.70,18.0,"L,L,W,D,D",6.63,20.0,"D,L,L,D,L",8,4,7,[]
13981544,2025-11-30,Serie A,Parma,Udinese,Ended,0,2,2.7,3.0,2.75,6.72,15.0,"D,L,L,D,W",6.75,10.0,"W,L,W,L,L",18,14,10,[]
13981551,2025-11-30,Serie A,Juventus,Cagliari,Ended,2,1,1.22,6.0,13.0,6.86,7.0,"L,W,W,D,D",6.70,14.0,"D,L,L,D,D",29,4,9,[]
13981545,2025-11-30,Serie A,Milan,Lazio,Ended,1,0,1.65,3.75,5.5,6.96,2.0,"D,D,W,D,W",6.91,8.0,"W,D,W,L,W",30,12,22,[]
13981548,2025-11-29,Serie A,Como,Sassuolo,Ended,2,0,1.83,3.5,4.5,6.92,6.0,"D,W,D,D,W",6.79,9.0,"L,W,L,W,D",0,0,0,[]
14083149,2025-11-29,LaLiga,Getafe,Elche,Ended,1,0,2.2,2.9,4.0,6.69,7.0,"L,W,W,L,L",6.82,10.0,"D,L,L,D,D",4,4,5,[]
14083140,2025-11-29,LaLiga,Mallorca,Osasuna,Ended,2,2,2.4,3.2,3.2,6.75,16.0,"W,D,L,W,L",6.80,17.0,"L,L,D,L,L",11,14,17,[]
14083144,2025-11-29,LaLiga,Barcelona,Deportivo Alavés,Ended,3,1,1.22,7.0,11.0,7.03,2.0,"W,L,W,W,W",6.74,14.0,"D,L,W,L,L",23,4,4,[]
14083145,2025-11-29,LaLiga,Levante UD,Athletic Club,Ended,0,2,3.8,3.4,2.0,6.71,19.0,"L,D,L,L,L",6.73,8.0,"D,L,L,W,L",6,19,5,[]
14065166,2025-11-28,Bundesliga,Borussia M'gladbach,RB Leipzig,Ended,0,0,2.8,3.75,2.25,6.83,12.0,"L,L,W,W,W",6.99,2.0,"W,W,W,L,W",4,10,4,[]
14064426,2025-11-28,Ligue 1,Metz,Stade Rennais,Ended,0,1,3.6,3.75,1.95,6.69,17.0,"L,W,W,W,L",6.84,6.0,"L,D,W,W,W",4,15,12,[]
14572678,2025-11-28,UEFA Europa League,Aston Villa,Young Boys,Ended,2,1,1.18,8.0,12.0,6.95,6.0,"W,W,L,W",6.62,22.0,"L,W,W,L",1,0,0,[]
14572634,2025-11-28,UEFA Europa League,FC Porto,Nice,Ended,3,0,1.53,4.5,5.5,6.74,14.0,"W,W,L,D",6.67,35.0,"L,L,L,L",0,0,0,[]
14572702,2025-11-28,UEFA Europa League,Fenerbahçe,Ferencváros TC,Ended,1,1,1.53,4.33,5.5,6.82,15.0,"L,W,W,D",6.91,3.0,"D,W,W,W",0,0,0,[]
14572643,2025-11-28,UEFA Europa League,Feyenoord,Celtic,Ended,1,3,1.73,4.0,4.5,6.72,29.0,"L,L,W,L",6.77,27.0,"D,L,W,L",1,1,0,[]
14572647,2025-11-28,UEFA Europa League,Lille,GNK Dinamo Zagreb,Ended,4,0,1.38,5.0,7.5,6.96,19.0,"W,W,L,L",6.82,12.0,"W,W,D,L",0,0,0,[]
14572862,2025-11-28,UEFA Europa League,Ludogorets,Celta Vigo,Ended,3,2,4.5,3.75,1.75,6.67,30.0,"W,L,L,L",6.93,4.0,"L,W,W,W",0,0,0,[]
14572716,2025-11-28,UEFA Europa League,PAOK,SK Brann,Ended,1,1,1.53,4.33,6.0,6.93,10.0,"D,L,W,W",6.88,11.0,"L,W,W,D",0,0,0,[]
14572629,2025-11-28,UEFA Europa League,Roma,FC Midtjylland,Ended,2,1,1.57,4.2,5.75,6.78,18.0,"W,L,L,W",6.98,1.0,"W,W,W,W",0,0,0,[]
14572726,2025-11-28,UEFA Europa League,Viktoria Plzeň,SC Freiburg,Ended,0,0,2.75,3.3,2.55,6.89,8.0,"D,W,W,D",6.89,2.0,"W,D,W,W",0,0,0,[]
14572795,2025-11-28,UEFA Europa League,Bologna,Red Bull Salzburg,Ended,4,1,1.36,5.0,7.5,6.87,26.0,"L,D,W,D",6.75,29.0,"L,L,L,W",0,0,0,[]
14572708,2025-11-28,UEFA Europa League,FK Crvena zvezda,FCSB,Ended,1,0,1.36,5.25,7.5,6.70,27.0,"D,L,L,W",6.75,30.0,"W,L,L,L",0,0,0,[]
14566974,2025-11-27,UEFA Champions League,FC København,Kairat Almaty,Ended,3,2,1.29,5.5,11.0,6.49,33.0,"D,L,L,L",6.67,35.0,"L,L,D,L",0,0,0,[]
14566968,2025-11-27,UEFA Champions League,Pafos FC,AS Monaco,Ended,2,2,6.5,4.75,1.45,6.65,25.0,"D,L,D,W",6.87,24.0,"L,D,D,W",0,0,0,[]
14566717,2025-11-27,UEFA Champions League,Arsenal,FC Bayern München,Ended,3,1,2.0,3.6,3.7,7.13,2.0,"W,W,W,W",7.08,1.0,"W,W,W,W",5,7,2,[]
14566774,2025-11-27,UEFA Champions League,Atlético Madrid,Inter,Ended,2,1,2.63,3.4,2.63,6.82,20.0,"L,W,L,W",7.23,3.0,"W,W,W,W",2,2,0,[]
14566755,2025-11-27,UEFA Champions League,Eintracht Frankfurt,Atalanta,Ended,0,3,2.8,3.6,2.38,6.63,27.0,"W,L,L,D",6.74,17.0,"L,W,D,W",2,0,0,[]
14566638,2025-11-27,UEFA Champions League,Liverpool,PSV Eindhoven,Ended,1,4,1.22,7.5,9.5,6.93,10.0,"W,L,W,W",6.77,25.0,"L,D,W,D",5,1,1,[]
14566865,2025-11-27,UEFA Champions League,Olympiacos FC,Real Madrid,Ended,3,4,4.33,4.5,1.65,6.61,33.0,"D,L,L,D",7.04,9.0,"W,W,W,L",1,2,1,[]
14566658,2025-11-27,UEFA Champions League,Paris Saint-Germain,Tottenham Hotspur,Ended,5,3,1.38,5.0,8.0,7.06,7.0,"W,W,W,L",6.98,12.0,"W,D,D,W",1,1,0,[]
14566855,2025-11-27,UEFA Champions League,Sporting CP,Club Brugge KV,Ended,3,0,1.5,4.5,6.0,6.89,14.0,"W,L,W,D",6.87,26.0,"W,L,L,D",0,2,0,[]
14566874,2025-11-26,UEFA Champions League,AFC Ajax,Benfica,Ended,0,2,3.75,3.6,1.95,6.39,36.0,"L,L,L,L",6.70,35.0,"L,L,L,L",2,1,2,[]
14566937,2025-11-26,UEFA Champions League,Galatasaray,Royale Union Saint-Gilloise,Ended,0,1,1.75,4.1,4.1,6.89,9.0,"L,W,W,W",6.62,28.0,"W,L,L,L",0,0,0,[]
14566842,2025-11-26,UEFA Champions League,Bodø/Glimt,Juventus,Ended,2,3,3.0,3.6,2.25,6.79,30.0,"D,D,L,L",6.74,27.0,"D,D,L,D",0,0,0,[]
14566620,2025-11-26,UEFA Champions League,Borussia Dortmund,Villarreal,Ended,4,0,1.91,3.7,3.9,6.77,14.0,"D,W,W,L",6.66,33.0,"L,D,L,L",0,1,0,[]
14566580,2025-11-26,UEFA Champions League,Chelsea,Barcelona,Ended,3,0,2.05,3.9,3.2,6.78,12.0,"L,W,W,D",6.95,11.0,"W,L,W,D",5,3,6,[]
14566663,2025-11-26,UEFA Champions League,Manchester City,Bayer 04 Leverkusen,Ended,0,2,1.3,5.75,9.0,7.11,4.0,"W,D,W,W",6.73,22.0,"D,D,L,W",0,0,0,[]
14566902,2025-11-26,UEFA Champions League,Napoli,Qarabağ FK,Ended,2,0,1.18,7.0,15.0,6.63,25.0,"L,W,L,D",6.78,15.0,"W,W,L,D",0,0,0,[]
14566835,2025-11-26,UEFA Champions League,Olympique de Marseille,Newcastle United,Ended,2,1,3.1,3.5,2.25,6.86,26.0,"L,W,L,L",7.07,6.0,"L,W,W,W",0,0,0,[]
14566885,2025-11-26,UEFA Champions League,SK Slavia Praha,Athletic Club,Ended,0,0,3.0,3.1,2.4,6.74,31.0,"D,L,D,L",6.56,29.0,"L,L,W,L",0,1,0,[]
14723574,2025-11-25,Premier League,Manchester United,Everton,Ended,0,1,1.85,3.7,4.1,6.81,10.0,"W,W,W,D,D",6.85,13.0,"W,L,L,D,W",45,10,16,[]
13981535,2025-11-25,Serie A,Torino,Como,Ended,1,5,3.6,3.1,2.2,6.73,12.0,"W,W,D,D,D",6.90,8.0,"W,D,W,D,D",1,2,1,[]
13981536,2025-11-25,Serie A,Sassuolo,Pisa,Ended,2,2,2.0,3.2,4.2,6.78,9.0,"D,L,W,L,W",6.78,17.0,"D,D,D,D,W",2,1,1,[]
14083125,2025-11-25,LaLiga,Espanyol,Sevilla,Ended,2,1,1.83,3.6,4.33,6.82,6.0,"L,W,W,L,L",6.79,9.0,"W,L,L,L,W",12,33,12,[]
13472612,2025-11-25,Brasileirão Betano,Mirassol,Ceará,Ended,3,0,1.68,3.6,5.25,6.96,4.0,"W,D,L,W,D",6.88,14.0,"L,W,D,W,L",2,1,1,[]
13472601,2025-11-25,Brasileirão Betano,Internacional,Santos,Ended,1,1,1.86,3.3,4.33,6.87,15.0,"L,D,L,D,W",6.89,17.0,"D,L,L,W,D",11,8,15,[]
14025078,2025-11-24,Premier League,Leeds United,Aston Villa,Ended,1,2,3.1,3.3,2.3,6.65,18.0,"L,L,W,L,L",6.81,9.0,"W,W,W,L,W",10,13,12,[]
14025066,2025-11-24,Premier League,Arsenal,Tottenham Hotspur,Ended,4,1,1.48,4.33,7.0,6.98,1.0,"W,W,W,W,D",6.87,9.0,"W,L,W,L,D",29,16,25,[]
13981532,2025-11-24,Serie A,Hellas Verona,Parma,Ended,1,2,2.15,3.0,3.75,6.63,20.0,"D,D,L,L,D",6.70,17.0,"D,D,L,L,D",10,4,3,[]
13981541,2025-11-24,Serie A,Cremonese,Roma,Ended,1,3,5.25,3.6,1.7,6.73,11.0,"D,D,W,L,L",6.87,4.0,"L,W,W,L,W",2,2,0,[]
13981537,2025-11-24,Serie A,Lazio,Lecce,Ended,2,0,1.75,3.25,5.25,6.90,9.0,"D,W,D,W,L",6.72,16.0,"D,L,L,W,D",15,8,5,[]
13981538,2025-11-24,Serie A,Inter,Milan,Ended,0,1,2.05,3.25,3.75,7.00,3.0,"W,L,W,W,W",6.96,5.0,"W,D,D,W,D",30,26,15,[]
14083128,2025-11-24,LaLiga,Real Oviedo,Rayo Vallecano,Ended,0,0,3.5,3.2,2.2,6.74,20.0,"L,L,D,D,L",6.78,14.0,"W,W,W,L,D",9,4,6,[]
14083122,2025-11-24,LaLiga,Real Betis,Girona FC,Ended,1,1,1.48,4.5,5.75,6.92,5.0,"W,D,L,W,D",6.68,18.0,"W,L,D,L,W",11,2,3,[]
14083131,2025-11-24,LaLiga,Getafe,Atlético Madrid,Ended,0,1,4.5,3.3,1.85,6.68,7.0,"L,L,W,W,L",6.90,4.0,"D,W,W,W,W",5,28,11,[]
14083124,2025-11-24,LaLiga,Elche,Real Madrid,Ended,2,2,6.5,5.25,1.4,6.82,13.0,"L,D,L,L,D",7.08,2.0,"W,W,W,W,D",0,9,2,[]
14065151,2025-11-24,Bundesliga,RB Leipzig,SV Werder Bremen,Ended,2,0,1.53,4.75,5.25,6.95,4.0,"D,W,W,W,L",6.78,8.0,"W,D,W,D,W",11,3,5,[]
14025072,2025-11-23,Premier League,Burnley,Chelsea,Ended,0,2,5.0,4.2,1.6,6.67,17.0,"L,W,W,L,L",6.90,3.0,"W,W,L,W,W",2,12,5,[]
14025063,2025-11-23,Premier League,Bournemouth,West Ham United,Ended,2,2,1.67,4.1,4.75,6.77,9.0,"W,D,W,L,L",6.66,18.0,"L,L,L,W,W",5,7,7,[]
14025069,2025-11-23,Premier League,Brighton & Hove Albion,Brentford,Ended,2,1,2.1,3.4,3.6,6.79,11.0,"D,W,L,W,D",6.75,12.0,"L,W,W,L,W",9,6,6,[]
14025075,2025-11-23,Premier League,Fulham,Sunderland,Ended,1,0,2.1,3.3,3.7,6.73,15.0,"L,L,L,W,L",6.85,4.0,"L,W,W,D,D",10,7,9,[]
14025081,2025-11-23,Premier League,Liverpool,Nottingham Forest,Ended,0,3,1.42,4.75,7.5,6.81,8.0,"L,L,L,W,L",6.68,19.0,"L,L,L,D,W",8,3,4,[]
14025090,2025-11-23,Premier League,Wolverhampton,Crystal Palace,Ended,0,2,4.5,3.8,1.8,6.61,20.0,"D,L,L,L,L",6.95,10.0,"L,D,L,W,D",7,11,3,[]
14025087,2025-11-23,Premier League,Newcastle United,Manchester City,Ended,2,1,3.75,3.75,1.95,6.78,15.0,"W,L,W,L,L",7.00,3.0,"W,W,L,W,W",10,35,10,[]
13981542,2025-11-23,Serie A,Cagliari,Genoa,Ended,3,3,3.1,2.9,2.63,6.70,14.0,"L,D,L,L,D",6.68,18.0,"D,L,L,W,D",11,17,6,[]
13981534,2025-11-23,Serie A,Udinese,Bologna,Ended,0,3,3.0,3.1,2.5,6.78,10.0,"D,W,L,W,L",6.86,5.0,"W,D,D,W,W",20,14,15,[]
13981539,2025-11-23,Serie A,Fiorentina,Juventus,Ended,1,1,3.7,3.3,2.1,6.69,20.0,"L,D,L,L,D",6.86,6.0,"L,L,W,W,D",10,30,17,[]
13981533,2025-11-23,Serie A,Napoli,Atalanta,Ended,3,1,2.4,3.0,3.25,6.84,5.0,"L,W,W,D,L",6.86,13.0,"D,D,D,L,L",17,17,8,[]
14083133,2025-11-22,LaLiga,Valencia,Levante UD,Ended,1,0,2.0,3.6,3.6,6.71,17.0,"L,D,L,L,D",6.71,19.0,"W,L,D,L,L",16,6,10,[]
14083121,2025-11-22,LaLiga,Deportivo Alavés,Celta Vigo,Ended,0,1,2.7,3.0,2.88,6.75,10.0,"W,D,L,W,L",6.80,13.0,"D,D,W,W,L",10,13,9,[]
14083130,2025-11-22,LaLiga,Barcelona,Athletic Club,Ended,4,0,1.42,5.0,6.5,7.01,2.0,"L,W,L,W,W",6.78,7.0,"W,D,L,L,W",53,14,16,[]
14065149,2025-11-21,Bundesliga,1. FSV Mainz 05,TSG Hoffenheim,Ended,1,1,2.45,3.5,2.7,6.69,17.0,"L,L,L,D,L",6.82,6.0,"L,W,W,W,W",15,11,9,[]
14064405,2025-11-21,Ligue 1,Nice,Olympique de Marseille,Ended,1,5,3.6,3.75,1.95,6.78,9.0,"W,W,W,L,L",6.94,2.0,"W,L,D,W,W",15,26,7,[]
14734232,2025-11-21,"UEFA Champions League, Women, League Phase",FC Twente Vrouwen,Club Atlético de Madrid,Ended,0,4,3.3,4.1,1.91,6.81,14.0,"D,L,D",6.95,13.0,"W,L,L",0,0,0,[]
14733303,2025-11-21,"UEFA Champions League, Women, League Phase",Chelsea FC,Fútbol Club Barcelona,Ended,1,1,5.5,6.0,1.4,7.09,5.0,"D,W,W",7.30,2.0,"W,W,W",1,5,2,[]
14733309,2025-11-21,"UEFA Champions League, Women, League Phase",Oud-Heverlee Leuven,AS Roma,Ended,1,1,3.9,4.33,1.73,6.74,13.0,"D,W,L",6.58,18.0,"L,L,L",0,0,0,[]
14734230,2025-11-21,"UEFA Champions League, Women, League Phase",Paris Saint-Germain,FC Bayern München,Ended,1,3,4.1,4.5,1.67,6.49,17.0,"L,L,L",6.61,10.0,"L,W,W",3,5,3,[]
13472821,2025-11-21,Brasileirão Betano,Juventude,Cruzeiro,Ended,3,3,3.6,3.05,1.91,6.77,18.0,"W,L,L,W,W",7.00,3.0,"W,D,W,W,D",1,2,1,[]
13472813,2025-11-21,Brasileirão Betano,Bahia,Fortaleza,Ended,2,3,1.49,4.33,5.75,6.93,7.0,"W,L,W,L,D",6.85,19.0,"W,D,D,D,D",8,8,7,[]
13472791,2025-11-21,Brasileirão Betano,Corinthians,São Paulo,Ended,3,1,2.35,2.75,3.6,6.88,14.0,"W,W,W,L,L",6.92,9.0,"L,W,W,D,L",26,19,21,[]
13472817,2025-11-21,Brasileirão Betano,Ceará,Internacional,Ended,1,2,2.1,3.25,3.6,6.89,14.0,"L,L,W,D,W",6.87,15.0,"L,L,D,L,D",6,7,5,[]
14109722,2025-11-21,Trendyol Süper Lig,Kayserispor,Gaziantep FK,Ended,0,3,2.3,3.6,2.82,6.61,16.0,"L,L,D,W,L",6.82,7.0,"W,W,L,D,D",4,3,7,[]
14035944,2025-11-21,Pro League,Standard Liège,SV Zulte Waregem,Ended,0,0,2.3,3.25,2.75,6.75,10.0,"L,W,L,W,L",6.85,8.0,"D,W,D,L,D",13,12,8,[]
14917422,2025-11-21,Taça de Portugal,Atletico CP,Benfica,Ended,0,2,23.0,7.5,1.13,,,,,,,0,0,0,[]
14917432,2025-11-21,Taça de Portugal,AVS - Futebol SAD,Académico Viseu FC,AP,7,6,2.15,3.0,3.25,,,,,,,2,0,0,[]
14734236,2025-11-20,"UEFA Champions League, Women, League Phase",Juventus,OL Lyonnes,Ended,3,3,10.0,6.5,1.22,6.74,8.0,"W,L,W",7.18,2.0,"W,W,W",1,5,2,[]
14734240,2025-11-20,"UEFA Champions League, Women, League Phase",VfL Wolfsburg,Manchester United,Ended,5,2,2.5,3.7,2.55,6.80,7.0,"W,W,L",7.02,3.0,"W,W,W",0,0,0,[]
14734239,2025-11-20,"UEFA Champions League, Women, League Phase",Arsenal,Real Madrid,Ended,2,1,1.5,4.5,5.75,6.70,11.0,"L,W,L",6.94,6.0,"W,W,D",1,1,0,[]
14733301,2025-11-20,"UEFA Champions League, Women, League Phase",Paris FC,Benfica,Ended,2,0,1.7,3.8,4.5,6.66,14.0,"D,L,D",6.57,15.0,"L,L,D",0,0,0,[]
14733302,2025-11-20,"UEFA Champions League, Women, League Phase",Vålerenga,SKN St. Pölten,Ended,2,2,1.13,7.5,17.0,6.73,12.0,"L,L,W",6.36,18.0,"L,L,L",0,0,0,[]
13472623,2025-11-20,Brasileirão Betano,Palmeiras,Vitória,Ended,0,0,1.3,5.0,10.0,6.97,2.0,"D,W,W,L,L",6.82,17.0,"W,L,L,W,D",12,4,2,[]
13472783,2025-11-20,Brasileirão Betano,Fluminense,Flamengo,Ended,2,1,3.75,2.95,2.1,6.88,7.0,"W,W,L,W,D",7.08,1.0,"L,W,D,W,W",22,32,22,[]
13472808,2025-11-20,Brasileirão Betano,Grêmio,Vasco da Gama,Ended,2,0,1.76,3.9,4.0,6.87,14.0,"L,W,L,L,D",6.93,11.0,"W,W,L,L,L",13,7,6,[]
13472795,2025-11-20,Brasileirão Betano,Santos,Mirassol,Ended,1,1,1.76,3.5,4.5,6.89,16.0,"D,D,L,L,W",6.96,4.0,"W,W,D,L,W",10,1,4,[]
13233681,2025-11-18,World Cup Qual. UEFA A,Germany,Slovakia,Ended,6,0,1.22,6.0,12.0,7.15,1.0,"L,W,W,W,W",6.90,2.0,"W,W,L,W,W",3,2,0,[]
13233680,2025-11-18,World Cup Qual. UEFA A,Northern Ireland,Luxembourg,Ended,1,0,1.33,4.75,9.0,6.81,3.0,"W,L,W,L,L",6.56,4.0,"L,L,L,L,L",4,1,2,[]
13233687,2025-11-18,World Cup Qual. UEFA B,Kosovo,Switzerland,Ended,1,1,5.5,4.2,1.53,6.91,2.0,"L,W,D,W,W",7.15,1.0,"W,W,W,D,W",0,1,3,[]
13233688,2025-11-18,World Cup Qual. UEFA B,Sweden,Slovenia,Ended,1,1,1.67,3.75,5.0,6.76,4.0,"D,L,L,L,L",6.70,3.0,"D,L,D,D,L",1,0,3,[]
13233689,2025-11-18,World Cup Qual. UEFA C,Belarus,Greece,Ended,0,0,11.0,5.25,1.27,6.63,4.0,"L,L,L,L,D",6.88,3.0,"W,L,L,L,W",1,1,0,[]
13233690,2025-11-18,World Cup Qual. UEFA C,Scotland,Denmark,Ended,4,2,3.5,3.4,2.05,6.98,2.0,"D,W,W,W,L",7.36,1.0,"D,W,W,W,D",3,2,1,[]
13233691,2025-11-18,World Cup Qual. UEFA E,Bulgaria,Georgia,Ended,2,1,5.5,4.1,1.57,6.48,4.0,"L,L,L,L,L",6.69,3.0,"L,W,L,L,L",2,2,2,[]
13233692,2025-11-18,World Cup Qual. UEFA E,Spain,Türkiye,Ended,2,2,1.22,6.0,12.0,7.39,1.0,"W,W,W,W,W",6.95,2.0,"W,L,W,W,W",4,0,0,[]
13233682,2025-11-18,World Cup Qual. UEFA G,Malta,Poland,Ended,2,3,11.0,6.0,1.22,6.65,4.0,"D,L,D,L,W",7.03,2.0,"L,D,W,W,D",0,1,0,[]
13233683,2025-11-18,World Cup Qual. UEFA G,Netherlands,Lithuania,Ended,4,0,1.04,17.0,41.0,7.26,1.0,"D,W,W,W,D",6.76,5.0,"D,D,L,L,L",1,0,0,[]
13233693,2025-11-18,World Cup Qual. UEFA H,Austria,Bosnia & Herzegovina,Ended,1,1,1.36,5.25,8.0,7.18,1.0,"W,W,W,L,W",6.99,2.0,"W,W,L,D,W",1,1,2,[]
13233694,2025-11-18,World Cup Qual. UEFA H,Romania,San Marino,Ended,7,1,1.02,19.0,51.0,6.89,3.0,"L,W,D,W,L",6.35,5.0,"L,L,L,L,L",2,0,0,[]
13233695,2025-11-18,World Cup Qual. UEFA J,Belgium,Liechtenstein,Ended,7,0,1.01,29.0,67.0,7.24,1.0,"W,W,D,W,D",6.43,5.0,"L,L,L,L,L",1,0,0,[]
13233696,2025-11-18,World Cup Qual. UEFA J,Wales,North Macedonia,Ended,7,1,1.67,3.75,5.0,7.04,3.0,"W,L,W,L,W",6.97,2.0,"D,W,W,D,D",1,1,1,[]
13233684,2025-11-18,World Cup Qual. UEFA L,Czechia,Gibraltar,Ended,6,0,1.02,19.0,67.0,7.08,2.0,"W,L,W,D,L",6.54,5.0,"L,L,L,L,L",1,0,0,[]
13233674,2025-11-17,World Cup Qual. UEFA D,Azerbaijan,France,Ended,1,3,29.0,10.0,1.08,6.60,4.0,"L,D,L,L,L",7.33,1.0,"W,W,W,D,W",0,1,0,[]
13233675,2025-11-17,World Cup Qual. UEFA D,Ukraine,Iceland,Ended,2,0,1.65,3.7,5.5,6.75,3.0,"L,D,W,W,L",6.93,2.0,"W,L,L,D,W",3,1,2,[]
13233672,2025-11-17,World Cup Qual. UEFA F,Hungary,Ireland,Ended,2,3,1.7,3.6,5.0,6.96,2.0,"D,L,W,D,W",6.99,3.0,"D,L,L,W,W",0,1,3,[]
13233673,2025-11-17,World Cup Qual. UEFA F,Portugal,Armenia,Ended,9,1,1.09,10.0,23.0,7.17,1.0,"W,W,W,D,L",6.69,4.0,"L,W,L,L,L",4,0,1,[]
13233678,2025-11-17,World Cup Qual. UEFA I,Israel,Moldova,Ended,4,1,1.4,4.75,7.0,6.85,3.0,"W,W,L,L,L",6.52,5.0,"L,L,L,D,L",5,0,1,[]
13233679,2025-11-17,World Cup Qual. UEFA I,Italy,Norway,Ended,1,4,1.75,3.9,4.0,7.20,2.0,"W,W,W,W,W",7.30,1.0,"W,W,W,W,W",6,1,1,[]
13233676,2025-11-17,World Cup Qual. UEFA K,Albania,England,Ended,0,2,7.0,4.33,1.44,7.03,2.0,"D,D,W,W,W",7.35,1.0,"W,W,W,W,W",0,3,0,[]
13233677,2025-11-17,World Cup Qual. UEFA K,Serbia,Latvia,Ended,2,1,1.2,6.0,15.0,6.93,3.0,"W,L,L,W,L",6.69,4.0,"D,L,L,D,L",1,0,0,[]
13233686,2025-11-17,World Cup Qual. UEFA L,Montenegro,Croatia,Ended,2,3,8.5,5.5,1.3,6.84,4.0,"L,L,L,L,W",7.39,1.0,"W,W,D,W,W",0,1,0,[]
13472632,2025-11-17,Brasileirão Betano,Red Bull Bragantino,Atlético Mineiro,Ended,2,0,2.25,3.1,3.4,6.85,11.0,"L,L,L,W,W",6.93,9.0,"W,D,W,W,D",0,5,5,[]
13233667,2025-11-16,World Cup Qual. UEFA B,Slovenia,Kosovo,Ended,0,2,1.95,3.3,4.2,6.74,3.0,"D,L,D,D",6.87,2.0,"L,W,D,W",2,0,1,[]
13233668,2025-11-16,World Cup Qual. UEFA B,Switzerland,Sweden,Ended,4,1,1.57,4.2,5.5,7.19,1.0,"W,W,W,D",6.84,4.0,"D,L,L,L",1,1,0,[]
13233670,2025-11-16,World Cup Qual. UEFA C,Denmark,Belarus,Ended,2,2,1.03,19.0,34.0,7.39,1.0,"D,W,W,W",6.58,4.0,"L,L,L,L",2,0,1,[]
13233669,2025-11-16,World Cup Qual. UEFA C,Greece,Scotland,Ended,3,2,2.2,3.1,3.6,6.85,3.0,"W,L,L,L",7.02,2.0,"D,W,W,W",1,2,0,[]
13233663,2025-11-16,World Cup Qual. UEFA E,Georgia,Spain,Ended,0,4,13.0,6.0,1.22,6.74,3.0,"L,W,L,L",7.42,1.0,"W,W,W,W",1,8,0,[]
13233664,2025-11-16,World Cup Qual. UEFA E,Türkiye,Bulgaria,Ended,2,0,1.08,11.0,29.0,6.90,2.0,"W,L,W,W",6.45,4.0,"L,L,L,L",3,0,0,[]
13233665,2025-11-16,World Cup Qual. UEFA H,Cyprus,Austria,Ended,0,2,11.0,5.75,1.27,6.96,4.0,"L,L,D,D,W",7.17,1.0,"W,W,W,W,L",0,3,0,[]
13233671,2025-11-16,World Cup Qual. UEFA H,Bosnia & Herzegovina,Romania,Ended,3,1,2.4,3.4,2.9,6.99,2.0,"W,W,W,L,D",6.97,3.0,"W,L,W,D,W",3,4,0,[]
13233662,2025-11-16,World Cup Qual. UEFA J,Kazakhstan,Belgium,Ended,1,1,15.0,7.0,1.18,6.86,4.0,"L,L,L,W,D",7.24,1.0,"W,W,W,D,W",0,5,2,[]
13233657,2025-11-15,World Cup Qual. UEFA A,Luxembourg,Germany,Ended,0,2,23.0,12.0,1.07,6.52,4.0,"L,L,L,L",7.13,1.0,"L,W,W,W",0,1,0,[]
13233658,2025-11-15,World Cup Qual. UEFA A,Slovakia,Northern Ireland,Ended,1,0,1.95,3.0,4.5,6.90,2.0,"W,W,L,W",6.81,3.0,"W,L,W,L",3,1,1,[]
13233656,2025-11-15,World Cup Qual. UEFA G,Finland,Malta,Ended,0,1,1.22,5.75,15.0,6.75,3.0,"L,W,L,W,L",6.59,5.0,"L,D,L,D,L",3,0,0,[]
13233659,2025-11-15,World Cup Qual. UEFA G,Poland,Netherlands,Ended,1,1,4.75,3.9,1.67,7.05,2.0,"W,L,D,W,W",7.31,1.0,"W,D,W,W,W",0,5,2,[]
13233666,2025-11-15,World Cup Qual. UEFA J,Liechtenstein,Wales,Ended,0,1,41.0,23.0,1.02,6.40,5.0,"L,L,L,L,L",7.00,3.0,"D,W,L,W,L",0,3,0,[]
13233661,2025-11-15,World Cup Qual. UEFA L,Croatia,Faroe Islands,Ended,3,1,1.1,10.0,21.0,7.43,1.0,"W,W,W,D,W",6.93,3.0,"W,L,W,W,W",1,0,0,[]
13233648,2025-11-14,World Cup Qual. UEFA D,Azerbaijan,Iceland,Ended,0,2,5.75,4.2,1.55,6.58,4.0,"L,D,L,L",6.88,3.0,"W,L,L,D",0,1,1,[]
13233655,2025-11-14,World Cup Qual. UEFA D,France,Ukraine,Ended,4,0,1.18,7.0,13.0,7.28,1.0,"W,W,W,D",6.84,3.0,"L,D,W,W",6,1,5,[]
13233649,2025-11-14,World Cup Qual. UEFA F,Armenia,Hungary,Ended,0,1,5.5,4.1,1.57,6.67,4.0,"L,W,L,L",6.94,2.0,"D,L,W,D",0,1,0,[]
13233651,2025-11-14,World Cup Qual. UEFA F,Ireland,Portugal,Ended,2,0,8.5,5.25,1.33,6.95,3.0,"D,L,L,W",7.21,1.0,"W,W,W,D",0,4,1,[]
13233650,2025-11-14,World Cup Qual. UEFA I,Norway,Estonia,Ended,4,1,1.02,23.0,41.0,7.32,1.0,"W,W,W,W,W",6.71,4.0,"L,L,L,L,D",1,1,1,[]
13233652,2025-11-14,World Cup Qual. UEFA I,Moldova,Italy,Ended,0,2,29.0,15.0,1.05,6.49,5.0,"L,L,L,L,D",7.16,2.0,"W,W,W,W,W",0,4,0,[]
13233653,2025-11-14,World Cup Qual. UEFA K,Andorra,Albania,Ended,0,1,17.0,4.75,1.25,6.51,5.0,"L,L,L,D,L",7.01,2.0,"W,D,D,W,W",0,5,1,[]
13233654,2025-11-14,World Cup Qual. UEFA K,England,Serbia,Ended,2,0,1.3,5.0,11.0,7.38,1.0,"W,W,W,W,W",6.97,3.0,"W,W,L,L,W",2,0,0,[]
13233660,2025-11-14,World Cup Qual. UEFA L,Gibraltar,Montenegro,Ended,1,2,11.0,7.0,1.2,6.54,5.0,"L,L,L,L,L",6.81,4.0,"W,L,L,L,L",0,3,0,[]
14083379,2025-11-14,LaLiga 2,Real Valladolid,Las Palmas,Ended,0,1,2.5,2.85,3.05,6.83,7.0,"W,L,D,W,D",6.82,3.0,"D,W,D,D,W",6,5,7,[]
14733285,2025-11-13,"UEFA Champions League, Women, League Phase",FC Bayern München,Arsenal,Ended,3,2,2.7,3.8,2.3,6.52,12.0,"L,W",6.75,9.0,"L,W",4,2,0,[]
14734231,2025-11-13,"UEFA Champions League, Women, League Phase",Fútbol Club Barcelona,Oud-Heverlee Leuven,Ended,3,0,1.0,41.0,81.0,7.25,4.0,"W,W",6.77,7.0,"D,W",0,0,0,[]
14734217,2025-11-13,"UEFA Champions League, Women, League Phase",Benfica,FC Twente Vrouwen,Ended,1,1,2.0,3.6,2.9,6.53,15.0,"L,L",6.78,14.0,"D,L",3,0,1,[]
14734234,2025-11-13,"UEFA Champions League, Women, League Phase",Club Atlético de Madrid,Juventus,Ended,1,2,1.6,4.33,4.75,7.01,9.0,"W,L",6.78,11.0,"W,L",0,0,0,[]
14734225,2025-11-13,"UEFA Champions League, Women, League Phase",Manchester United,Paris Saint-Germain,Ended,2,1,1.53,4.5,5.5,7.05,6.0,"W,W",6.48,16.0,"L,L",2,1,1,[]
15011357,2025-11-13,Brasileirão Betano,Atlético Mineiro,Fortaleza,Ended,3,3,1.57,3.9,6.0,6.93,9.0,"L,W,D,W,W",6.85,19.0,"L,W,D,D,D",6,4,5,[]
14115428,2025-11-13,"Primera A, Clausura",Deportivo La Equidad,Deportivo Pereira,Ended,4,0,,,,6.57,20.0,"L,L,L,L,L",6.66,16.0,"W,L,L,L,L",5,6,7,[]
14734233,2025-11-12,"UEFA Champions League, Women, League Phase",AS Roma,Vålerenga,Ended,0,1,1.57,4.33,5.0,6.48,17.0,"L,L",6.61,14.0,"L,L",0,0,0,[]
14733284,2025-11-12,"UEFA Champions League, Women, League Phase",OL Lyonnes,VfL Wolfsburg,Ended,3,1,1.18,7.5,12.0,7.25,4.0,"W,W",7.00,3.0,"W,W",8,2,0,[]
14731372,2025-11-12,"UEFA Champions League, Women, League Phase",Real Madrid,Paris FC,Ended,1,1,1.22,7.5,9.0,6.94,2.0,"W,W",6.57,14.0,"D,L",0,2,0,[]
14733283,2025-11-12,"UEFA Champions League, Women, League Phase",SKN St. Pölten,Chelsea FC,Ended,0,6,34.0,19.0,1.03,6.42,18.0,"L,L",6.98,6.0,"D,W",0,0,0,[]
13967955,2025-11-12,"U17 FIFA World Cup, Group I",Burkina Faso U17,Tajikistan U17,Ended,2,0,,,,6.77,3.0,"L,W",6.59,4.0,"L,L",0,0,0,[]
13967953,2025-11-12,"U17 FIFA World Cup, Group I",Czechia U17,USA U17,Ended,0,1,,,,7.05,2.0,"W,L",6.97,1.0,"W,W",0,1,0,[]
13967959,2025-11-12,"U17 FIFA World Cup, Group J",Ireland U17,Paraguay U17,Ended,0,0,,,,7.14,1.0,"W,W",6.74,3.0,"L,W",0,0,0,[]
13967957,2025-11-12,"U17 FIFA World Cup, Group J",Uzbekistan U17,Panama U17,Ended,6,1,,,,6.62,2.0,"W,L",6.62,4.0,"L,L",1,0,0,[]
13967964,2025-11-12,"U17 FIFA World Cup, Group K",Chile U17,Canada U17,Ended,2,1,,,,6.64,4.0,"L,D",6.82,2.0,"W,D",0,0,0,[]
14083326,2025-11-11,LaLiga 2,Burgos Club de Fútbol,CD Castellón,Ended,0,0,2.65,2.95,2.75,6.83,5.0,"L,L,W,W,W",6.77,15.0,"W,D,L,L,W",0,2,0,[]
13638744,2025-11-11,Brasileirão Série B,Botafogo-SP,Amazonas FC,Ended,1,0,2.15,3.05,3.4,6.79,17.0,"W,D,D,D,W",6.79,18.0,"W,L,D,L,W",1,2,0,[]
13638733,2025-11-11,Brasileirão Série B,Chapecoense,América Mineiro,Ended,0,1,1.81,3.3,4.5,6.93,4.0,"W,D,W,W,D",6.88,14.0,"D,L,D,W,D",5,1,7,[]
13967938,2025-11-11,"U17 FIFA World Cup, Group E",Egypt U17,England U17,Ended,0,3,,,,7.13,1.0,"W,D",7.14,3.0,"L,W",0,0,0,[]
13967936,2025-11-11,"U17 FIFA World Cup, Group E",Venezuela U17,Haiti U17,Ended,4,2,,,,6.92,2.0,"W,D",6.35,4.0,"L,L",0,0,0,[]
13967940,2025-11-11,"U17 FIFA World Cup, Group F",South Korea U17,Côte d'Ivoire U17,Ended,3,1,,,,6.81,2.0,"W,D",6.56,4.0,"L,L",0,0,0,[]
13967942,2025-11-11,"U17 FIFA World Cup, Group F",Switzerland U17,Mexico U17,Ended,3,1,,,,6.94,1.0,"W,D",6.82,3.0,"L,W",1,0,0,[]
13967949,2025-11-11,"U17 FIFA World Cup, Group G",Colombia U17,North Korea U17,Ended,2,0,,,,6.85,3.0,"D,D",7.21,1.0,"W,D",0,0,0,[]
13967944,2025-11-11,"U17 FIFA World Cup, Group G",El Salvador U17,Germany U17,Ended,0,7,,,,6.56,4.0,"L,D",6.81,2.0,"D,D",0,0,0,[]
13967951,2025-11-11,"U17 FIFA World Cup, Group H",Honduras U17,Indonesia U17,Ended,1,2,,,,6.23,4.0,"L,L",6.31,3.0,"L,L",0,0,0,[]
13967946,2025-11-11,"U17 FIFA World Cup, Group H",Zambia U17,Brazil U17,Ended,1,1,,,,7.09,2.0,"W,W",7.36,1.0,"W,W",0,0,0,[]
14025014,2025-11-10,Premier League,Aston Villa,Bournemouth,Ended,4,0,2.25,3.4,3.2,6.77,12.0,"W,W,W,W,L",6.81,7.0,"D,W,D,W,L",5,4,2,[]
14025017,2025-11-10,Premier League,Brentford,Newcastle United,Ended,3,1,2.88,3.4,2.5,6.73,13.0,"W,L,W,W,L",6.81,14.0,"L,W,L,W,L",2,9,1,[]
14025033,2025-11-10,Premier League,Crystal Palace,Brighton & Hove Albion,Ended,0,0,2.38,3.4,3.0,6.95,9.0,"W,L,D,L,W",6.79,10.0,"W,D,W,L,W",8,6,9,[]
14025051,2025-11-10,Premier League,Nottingham Forest,Leeds United,Ended,3,1,2.2,3.1,3.5,6.64,19.0,"L,L,L,L,D",6.66,16.0,"D,L,L,W,L",12,10,9,[]
14025048,2025-11-10,Premier League,Manchester City,Liverpool,Ended,3,0,1.9,3.9,3.7,6.98,3.0,"W,W,W,L,W",6.86,6.0,"L,L,L,L,W",15,30,20,[]
13981521,2025-11-10,Serie A,Atalanta,Sassuolo,Ended,0,3,1.45,4.5,6.5,6.89,12.0,"D,D,D,D,L",6.75,13.0,"W,D,L,W,L",19,4,5,[]
13981519,2025-11-10,Serie A,Bologna,Napoli,Ended,2,0,2.8,2.9,2.75,6.84,6.0,"W,W,D,D,W",6.89,2.0,"W,L,W,W,D",11,19,8,[]
13981530,2025-11-10,Serie A,Genoa,Fiorentina,Ended,2,2,2.9,2.7,2.9,6.69,18.0,"L,D,L,L,W",6.67,20.0,"L,L,D,L,L",5,15,16,[]
13981523,2025-11-10,Serie A,Roma,Udinese,Ended,2,0,1.5,4.1,6.5,6.86,5.0,"W,L,W,W,L",6.79,10.0,"D,D,W,L,W",36,14,8,[]
13981527,2025-11-10,Serie A,Inter,Lazio,Ended,2,0,1.3,5.25,9.5,6.99,4.0,"W,W,L,W,W",6.93,9.0,"D,D,W,D,W",24,19,18,[]
14083106,2025-11-10,LaLiga,Athletic Club,Real Oviedo,Ended,1,0,1.62,3.5,6.5,6.75,12.0,"L,W,D,L,L",6.75,20.0,"W,L,L,D,D",7,6,6,[]
14083112,2025-11-10,LaLiga,Rayo Vallecano,Real Madrid,Ended,0,0,5.25,4.75,1.5,6.76,12.0,"L,W,W,W,L",7.10,1.0,"L,W,W,W,W",4,26,4,[]
14083118,2025-11-10,LaLiga,Mallorca,Getafe,Ended,1,0,2.5,2.9,3.2,6.74,18.0,"W,L,W,D,L",6.68,7.0,"D,L,L,W,W",13,13,8,[]
14083116,2025-11-10,LaLiga,Valencia,Real Betis,Ended,1,1,3.4,3.4,2.15,6.71,19.0,"L,L,D,L,L",6.92,5.0,"W,W,D,L,W",27,17,13,[]
14083115,2025-11-10,LaLiga,Celta Vigo,Barcelona,Ended,2,4,4.0,4.2,1.75,6.81,13.0,"L,D,D,W,W",7.01,3.0,"W,L,W,L,W",11,28,15,[]
14025057,2025-11-09,Premier League,Tottenham Hotspur,Manchester United,Ended,2,2,2.9,3.4,2.35,6.89,6.0,"D,W,L,W,L",6.82,8.0,"L,W,W,W,D",15,43,13,[]
14025043,2025-11-09,Premier League,Everton,Fulham,Ended,2,0,2.35,3.3,3.1,6.82,14.0,"D,W,L,L,D",6.74,15.0,"L,L,L,L,W",20,14,5,[]
14025060,2025-11-09,Premier League,West Ham United,Burnley,Ended,3,2,1.85,3.7,4.2,6.66,18.0,"D,L,L,L,W",6.67,17.0,"L,L,W,W,L",11,6,7,[]
14025054,2025-11-09,Premier League,Sunderland,Arsenal,Ended,2,2,7.5,4.33,1.44,6.88,5.0,"W,L,W,W,D",7.00,1.0,"W,W,W,W,W",4,21,10,[]
14025023,2025-11-09,Premier League,Chelsea,Wolverhampton,Ended,3,0,1.36,5.0,8.0,6.87,8.0,"L,W,W,L,W",6.63,20.0,"D,D,L,L,L",14,6,4,[]
13981529,2025-11-09,Serie A,Como,Cagliari,Ended,0,0,1.57,3.9,6.25,6.90,7.0,"D,W,D,W,D",6.68,14.0,"D,L,D,L,L",1,2,4,[]
13981526,2025-11-09,Serie A,Lecce,Hellas Verona,Ended,0,0,2.75,2.88,2.88,6.70,16.0,"W,D,L,L,W",6.61,19.0,"L,D,D,L,L",5,7,4,[]
13981531,2025-11-09,Serie A,Juventus,Torino,Ended,0,0,1.48,4.2,7.0,6.84,7.0,"D,L,L,W,W",6.70,13.0,"D,W,W,D,D",27,1,10,[]
13981528,2025-11-09,Serie A,Parma,Milan,Ended,2,2,6.5,4.0,1.5,6.69,17.0,"L,D,D,L,L",6.98,3.0,"D,W,D,D,W",9,25,8,[]
13981525,2025-11-08,Serie A,Pisa,Cremonese,Ended,1,0,2.3,3.1,3.4,6.73,17.0,"L,D,D,D,D",6.75,10.0,"L,D,D,W,L",6,2,5,[]
14083110,2025-11-08,LaLiga,Elche,Real Sociedad,Ended,1,1,3.1,3.1,2.45,6.80,9.0,"W,L,D,L,L",6.74,14.0,"L,L,D,W,W",3,9,2,[]
14083114,2025-11-08,LaLiga,Girona FC,Deportivo Alavés,Ended,1,0,2.1,3.3,3.6,6.64,20.0,"D,W,L,D,L",6.77,8.0,"L,W,D,L,W",9,6,5,[]
14083120,2025-11-08,LaLiga,Sevilla,Osasuna,Ended,1,0,2.1,3.3,3.6,6.76,13.0,"W,W,L,L,L",6.83,15.0,"L,W,L,L,D",17,12,14,[]
14083108,2025-11-08,LaLiga,Atlético Madrid,Levante UD,Ended,3,1,1.2,7.0,12.0,6.88,4.0,"W,D,W,W,W",6.71,17.0,"D,W,L,D,L",16,7,6,[]
14065138,2025-11-07,Bundesliga,SV Werder Bremen,VfL Wolfsburg,Ended,2,1,2.15,3.6,3.1,6.76,9.0,"L,W,D,W,D",6.77,12.0,"L,L,L,W,L",22,22,11,[]
14064412,2025-11-07,Ligue 1,Paris FC,Stade Rennais,Ended,0,1,2.25,3.6,3.0,6.73,11.0,"W,L,L,D,W",6.80,10.0,"D,D,L,D,W",0,0,0,[]
14572750,2025-11-07,UEFA Europa League,Basel,FCSB,Ended,3,1,1.75,3.9,4.33,6.82,24.0,"L,W,L",6.77,28.0,"W,L,L",1,0,2,[]
14572759,2025-11-07,UEFA Europa League,FC Midtjylland,Celtic,Ended,3,1,2.0,3.75,3.4,6.96,1.0,"W,W,W",6.83,21.0,"D,L,W",1,0,1,[]
14572816,2025-11-07,UEFA Europa League,FC Utrecht,FC Porto,Ended,1,1,4.5,3.6,1.8,6.73,35.0,"L,L,L",6.76,15.0,"W,W,L",0,0,0,[]
14572706,2025-11-07,UEFA Europa League,FK Crvena zvezda,Lille,Ended,1,0,2.63,3.4,2.55,6.60,30.0,"D,L,L",7.04,11.0,"W,W,L",0,0,0,[]
14572654,2025-11-07,UEFA Europa League,GNK Dinamo Zagreb,Celta Vigo,Ended,0,3,2.15,3.3,3.25,6.93,4.0,"W,W,D",6.91,9.0,"L,W,W",0,0,0,[]
14572806,2025-11-07,UEFA Europa League,Malmö FF,Panathinaikos,Ended,0,1,3.1,3.4,2.25,6.59,31.0,"L,L,D",6.84,22.0,"W,L,L",0,0,0,[]
14572783,2025-11-07,UEFA Europa League,Nice,SC Freiburg,Ended,1,3,2.6,3.3,2.6,6.65,33.0,"L,L,L",6.87,6.0,"W,D,W",0,0,0,[]
14572662,2025-11-07,UEFA Europa League,Red Bull Salzburg,Go Ahead Eagles,Ended,2,0,1.62,4.1,4.75,6.66,34.0,"L,L,L",6.98,12.0,"L,W,W",0,0,0,[]
14572788,2025-11-07,UEFA Europa League,SK Sturm Graz,Nottingham Forest,Ended,0,0,4.75,3.7,1.7,6.68,27.0,"L,W,L",6.89,17.0,"D,L,W",0,0,0,[]
14572677,2025-11-07,UEFA Europa League,Aston Villa,Maccabi Tel Aviv,Ended,2,0,1.2,7.0,11.0,6.92,11.0,"W,W,L",6.61,34.0,"D,L,L",0,0,0,[]
14572798,2025-11-07,UEFA Europa League,Bologna,SK Brann,Ended,0,0,1.33,5.0,9.0,6.89,20.0,"L,D,W",6.88,10.0,"L,W,W",0,0,0,[]
14566966,2025-11-06,UEFA Champions League,Pafos FC,Villarreal,Ended,1,0,10.0,6.0,1.27,6.55,28.0,"D,L,D",6.64,32.0,"L,D,L",0,0,0,[]
14566919,2025-11-06,UEFA Champions League,Qarabağ FK,Chelsea,Ended,2,2,7.0,5.5,1.36,6.83,15.0,"W,W,L",6.83,13.0,"L,W,W",0,2,0,[]
14566876,2025-11-06,UEFA Champions League,AFC Ajax,Galatasaray,Ended,0,3,3.25,3.75,2.1,6.33,36.0,"L,L,L",6.81,16.0,"L,W,W",1,1,0,[]
14566736,2025-11-06,UEFA Champions League,Benfica,Bayer 04 Leverkusen,Ended,0,1,1.91,3.6,3.9,6.66,35.0,"L,L,L",6.60,29.0,"D,D,L",2,1,1,[]
14566745,2025-11-06,UEFA Champions League,Club Brugge KV,Barcelona,Ended,3,3,5.5,5.0,1.5,6.90,25.0,"W,L,L",7.04,14.0,"W,L,W",0,0,0,[]
14566614,2025-11-06,UEFA Champions League,Inter,Kairat Almaty,Ended,2,1,1.02,19.0,51.0,7.27,4.0,"W,W,W",6.69,34.0,"L,L,D",0,0,0,[]
14566662,2025-11-06,UEFA Champions League,Manchester City,Borussia Dortmund,Ended,4,1,1.36,5.5,7.5,7.09,9.0,"W,D,W",6.88,8.0,"D,W,W",4,3,2,[]
14566958,2025-11-06,UEFA Champions League,Newcastle United,Athletic Club,Ended,2,0,1.33,5.25,9.0,7.04,13.0,"L,W,W",6.63,26.0,"L,L,W",1,0,0,[]
14566822,2025-11-06,UEFA Champions League,Olympique de Marseille,Atalanta,Ended,0,1,2.25,3.6,2.9,6.89,23.0,"L,W,L",6.69,20.0,"L,W,D",0,1,1,[]
14566900,2025-11-05,UEFA Champions League,Napoli,Eintracht Frankfurt,Ended,0,0,1.57,4.2,5.5,6.52,23.0,"L,W,L",6.55,22.0,"W,L,L",2,0,0,[]
14566883,2025-11-05,UEFA Champions League,SK Slavia Praha,Arsenal,Ended,0,3,11.0,6.25,1.22,6.82,28.0,"D,L,D",7.20,4.0,"W,W,W",0,2,2,[]
14566777,2025-11-05,UEFA Champions League,Atlético Madrid,Royale Union Saint-Gilloise,Ended,3,1,1.27,6.5,9.0,6.78,21.0,"L,W,L",6.58,24.0,"W,L,L",0,0,0,[]
14566844,2025-11-05,UEFA Champions League,Bodø/Glimt,AS Monaco,Ended,0,1,2.15,4.0,2.9,6.77,26.0,"D,D,L",6.82,27.0,"L,D,D",0,0,0,[]
14566766,2025-11-05,UEFA Champions League,Juventus,Sporting CP,Ended,1,1,2.05,3.4,3.6,6.71,25.0,"D,D,L",6.95,12.0,"W,L,W",2,0,2,[]
14566636,2025-11-05,UEFA Champions League,Liverpool,Real Madrid,Ended,1,0,2.35,3.8,2.7,6.95,10.0,"W,L,W",7.11,5.0,"W,W,W",3,7,1,[]
14566867,2025-11-05,UEFA Champions League,Olympiacos FC,PSV Eindhoven,Ended,1,1,2.55,3.7,2.55,6.53,33.0,"D,L,L",6.83,16.0,"L,D,W",1,2,0,[]
14566656,2025-11-05,UEFA Champions League,Paris Saint-Germain,FC Bayern München,Ended,1,2,2.35,3.6,2.88,7.14,2.0,"W,W,W",7.12,3.0,"W,W,W",3,7,0,[]
14566829,2025-11-05,UEFA Champions League,Tottenham Hotspur,FC København,Ended,4,0,1.48,4.5,6.0,6.87,15.0,"W,D,D",6.56,32.0,"D,L,L",0,0,0,[]
14723615,2025-11-04,Premier League,Sunderland,Everton,Ended,1,1,3.2,3.0,2.4,6.88,7.0,"D,W,L,W,W",6.83,15.0,"L,D,W,L,L",9,19,7,[]
13981524,2025-11-04,Serie A,Sassuolo,Genoa,Ended,1,2,2.45,2.9,3.25,6.76,11.0,"W,W,D,L,W",6.68,20.0,"L,L,D,L,L",8,7,5,[]
13981515,2025-11-04,Serie A,Lazio,Cagliari,Ended,2,0,1.62,3.6,6.0,6.90,13.0,"W,D,D,W,D",6.71,14.0,"L,D,L,D,L",27,6,9,[]
14083104,2025-11-04,LaLiga,Real Oviedo,Osasuna,Ended,0,0,3.2,3.1,2.4,6.72,19.0,"L,W,L,L,D",6.83,15.0,"D,L,W,L,L",3,5,2,[]
14131947,2025-11-04,Liga Portugal Betclic,Gil Vicente,Santa Clara,Ended,1,0,1.91,3.05,4.33,6.90,4.0,"W,W,L,W,W",6.75,8.0,"D,W,L,L,W",7,9,6,[]
14109697,2025-11-04,Trendyol Süper Lig,Alanyaspor,Gaziantep FK,Ended,0,0,1.76,3.75,4.0,6.81,10.0,"D,L,D,W,L",6.81,7.0,"D,D,W,W,L",13,3,1,[]
14025291,2025-11-03,Premier League,West Ham United,Newcastle United,Ended,3,1,4.75,4.2,1.65,6.63,19.0,"L,D,L,L,L",6.85,13.0,"D,L,W,L,W",15,26,14,[]
14025283,2025-11-03,Premier League,Manchester City,Bournemouth,Ended,3,1,1.42,5.0,7.0,6.98,8.0,"D,W,W,W,L",6.83,2.0,"D,D,W,D,W",17,1,0,[]
13981518,2025-11-03,Serie A,Hellas Verona,Inter,Ended,1,2,8.5,4.75,1.38,6.61,18.0,"L,L,D,D,L",6.99,3.0,"W,W,W,L,W",0,22,5,[]
13981513,2025-11-03,Serie A,Fiorentina,Lecce,Ended,0,1,1.75,3.6,4.75,6.67,19.0,"D,L,L,D,L",6.68,16.0,"D,W,D,L,L",11,7,8,[]
13981520,2025-11-03,Serie A,Torino,Pisa,Ended,2,2,1.8,3.3,5.25,6.70,13.0,"L,D,W,W,D",6.73,17.0,"D,L,D,D,D",1,0,0,[]
13981522,2025-11-03,Serie A,Parma,Bologna,Ended,1,3,4.5,3.0,2.0,6.72,16.0,"W,L,D,D,L",6.83,7.0,"D,W,W,D,D",7,12,15,[]
13981517,2025-11-03,Serie A,Milan,Roma,Ended,1,0,2.3,2.9,3.5,6.96,5.0,"W,D,W,D,D",6.86,3.0,"W,W,L,W,W",20,21,20,[]
14083103,2025-11-03,LaLiga,Levante UD,Celta Vigo,Ended,1,2,3.25,3.4,2.3,6.72,16.0,"L,D,W,L,D",6.81,14.0,"D,L,D,D,W",6,12,6,[]
14083093,2025-11-03,LaLiga,Deportivo Alavés,Espanyol,Ended,2,1,2.4,3.1,3.2,6.75,13.0,"D,L,W,D,L",6.85,5.0,"D,D,L,W,W",8,11,7,[]
14083095,2025-11-03,LaLiga,Barcelona,Elche,Ended,3,1,1.18,7.5,13.0,7.01,3.0,"W,W,L,W,L",6.83,9.0,"D,W,L,D,L",12,0,1,[]
14083097,2025-11-03,LaLiga,Real Betis,Mallorca,Ended,3,0,1.53,4.2,5.75,6.89,7.0,"W,W,W,D,L",6.76,16.0,"L,W,L,W,D",19,14,7,[]
14025273,2025-11-02,Premier League,Brighton & Hove Albion,Leeds United,Ended,3,0,1.95,3.6,3.75,6.73,13.0,"D,W,D,W,L",6.69,15.0,"W,D,L,L,W",11,5,6,[]
14025275,2025-11-02,Premier League,Burnley,Arsenal,Ended,0,2,13.0,6.25,1.22,6.68,16.0,"D,L,L,W,W",7.00,1.0,"D,W,W,W,W",2,15,4,[]
14025277,2025-11-02,Premier League,Crystal Palace,Brentford,Ended,2,0,2.05,3.4,3.5,6.95,10.0,"W,W,L,D,L",6.75,11.0,"L,W,L,W,W",1,3,5,[]
14025279,2025-11-02,Premier League,Fulham,Wolverhampton,Ended,3,0,1.83,3.7,4.2,6.70,17.0,"W,L,L,L,L",6.64,20.0,"L,D,D,L,L",6,14,8,[]
14025285,2025-11-02,Premier League,Nottingham Forest,Manchester United,Ended,2,2,3.2,3.75,2.1,6.63,18.0,"D,L,L,L,L",6.81,6.0,"W,L,W,W,W",4,11,2,[]
14025289,2025-11-02,Premier League,Tottenham Hotspur,Chelsea,Ended,0,1,3.1,3.5,2.25,6.91,3.0,"D,D,W,L,W",6.87,11.0,"L,L,W,W,L",10,42,21,[]
14025281,2025-11-02,Premier League,Liverpool,Aston Villa,Ended,2,0,1.62,4.33,4.5,6.83,10.0,"W,L,L,L,L",6.81,11.0,"D,W,W,W,W",35,13,13,[]
13981516,2025-11-02,Serie A,Udinese,Atalanta,Ended,1,0,4.75,3.75,1.75,6.76,12.0,"L,D,D,W,L",6.92,9.0,"D,D,D,D,D",15,15,17,[]
13981514,2025-11-02,Serie A,Napoli,Como,Ended,0,0,1.91,3.2,4.5,6.89,1.0,"L,W,L,W,W",6.90,5.0,"D,D,W,D,W",1,1,0,[]
13981510,2025-11-02,Serie A,Cremonese,Juventus,Ended,1,2,6.5,4.33,1.48,6.76,9.0,"D,L,D,D,W",6.85,7.0,"D,D,L,L,W",0,2,0,[]
14083098,2025-11-01,LaLiga,Getafe,Girona FC,Ended,2,1,2.05,3.0,4.0,6.67,10.0,"D,D,L,L,W",6.65,20.0,"D,D,W,L,D",5,6,4,[]
14083105,2025-11-01,LaLiga,Villarreal,Rayo Vallecano,Ended,4,0,1.67,3.9,5.0,6.91,3.0,"W,W,L,D,W",6.81,8.0,"L,L,W,W,W",15,5,5,[]
14083094,2025-11-01,LaLiga,Atlético Madrid,Sevilla,Ended,3,0,1.33,5.0,9.0,6.85,4.0,"W,W,D,W,W",6.79,11.0,"L,W,W,L,L",23,19,21,[]
14083101,2025-11-01,LaLiga,Real Sociedad,Athletic Club,Ended,3,2,2.7,2.9,2.88,6.74,17.0,"W,L,L,D,W",6.76,9.0,"D,L,W,D,L",20,20,21,[]
13981503,2025-10-31,Serie A,Cagliari,Sassuolo,Ended,1,2,2.63,3.1,2.8,6.71,14.0,"W,L,D,L,D",6.77,13.0,"L,W,W,D,L",6,4,10,[]
13981511,2025-10-31,Serie A,Pisa,Lazio,Ended,0,0,3.8,3.1,2.15,6.71,18.0,"L,D,L,D,D",6.92,13.0,"L,W,D,D,W",0,0,0,[]
14065133,2025-10-31,Bundesliga,FC Augsburg,Borussia Dortmund,Ended,0,1,5.25,4.33,1.55,6.68,15.0,"L,L,W,D,L",6.98,4.0,"W,W,D,L,W",5,17,7,[]
14843669,2025-10-31,Copa del Rey,Orihuela,Levante UD,Ended,3,4,8.5,5.25,1.3,,,,,,,0,0,0,[]
14843701,2025-10-31,Copa del Rey,Puerto de Vega CF,Celta Vigo,Ended,0,2,41.0,26.0,1.01,,,,,,,0,0,0,[]
14843721,2025-10-31,Copa del Rey,Valle de Egües,FC Andorra,Ended,1,5,12.0,5.0,1.22,,,,,,,0,0,0,[]
14843716,2025-10-31,Copa del Rey,CD Getxo,Deportivo Alavés,Ended,0,7,67.0,19.0,1.01,,,,,,,0,0,0,[]
14843722,2025-10-31,Copa del Rey,Atlètic Lleida,Espanyol,Ended,1,2,23.0,9.5,1.06,,,,,,,0,0,0,[]
14843663,2025-10-31,Copa del Rey,Atlético Palma del Río,Real Betis,Ended,1,7,51.0,21.0,1.01,,,,,,,0,0,0,[]
14843679,2025-10-31,Copa del Rey,CD Estepona,Málaga,Ended,1,3,5.25,3.5,1.62,,,,,,,1,1,0,[]
14843712,2025-10-31,Copa del Rey,UD Samano,Deportivo La Coruña,Ended,1,5,11.0,4.5,1.27,,,,,,,0,0,0,[]
14771344,2025-10-31,"CONMEBOL Libertadores, Knockout stage",Palmeiras,LDU,Ended,4,0,1.2,6.25,13.0,,,,,,,1,2,0,[]
14250685,2025-10-31,"CONMEBOL Sudamericana, Knockout stage",CA Lanús,Universidad de Chile,Ended,1,0,1.8,3.4,4.75,,,,,,,1,1,0,[]
14131945,2025-10-31,Liga Portugal Betclic,Sporting CP,FC Alverca,Ended,2,0,1.08,9.0,17.0,7.08,2.0,"W,W,W,D,W",6.75,12.0,"W,L,W,W,L",0,1,0,[]
13981507,2025-10-30,Serie A,Como,Hellas Verona,Ended,3,1,1.57,3.75,6.5,6.87,7.0,"W,D,D,W,D",6.65,17.0,"D,L,L,D,D",2,0,2,[]
13981508,2025-10-30,Serie A,Juventus,Udinese,Ended,3,1,1.45,4.5,7.0,6.83,8.0,"D,D,D,L,L",6.78,9.0,"L,L,D,D,W",39,8,8,[]
13981512,2025-10-30,Serie A,Roma,Parma,Ended,2,1,1.45,3.9,8.5,6.86,3.0,"W,W,W,L,W",6.73,15.0,"D,W,L,D,D",33,6,7,[]
13981504,2025-10-30,Serie A,Bologna,Torino,Ended,0,0,1.75,3.5,4.75,6.82,7.0,"W,D,W,W,D",6.69,12.0,"L,L,D,W,W",9,11,12,[]
13981505,2025-10-30,Serie A,Genoa,Cremonese,Ended,0,2,1.73,3.5,5.25,6.70,20.0,"L,L,L,D,L",6.75,11.0,"D,D,L,D,D",0,0,1,[]
13981506,2025-10-30,Serie A,Inter,Fiorentina,Ended,3,0,1.36,5.0,8.5,6.94,5.0,"W,W,W,W,L",6.69,18.0,"L,D,L,L,D",34,13,10,[]
14064516,2025-10-30,Ligue 1,Le Havre,Stade Brestois,Ended,1,0,2.8,3.1,2.7,6.69,14.0,"D,D,D,L,W",6.77,12.0,"W,W,D,D,L",4,10,7,[]
14064505,2025-10-30,Ligue 1,Lorient,Paris Saint-Germain,Ended,1,1,11.0,7.0,1.22,6.64,16.0,"D,W,L,D,L",6.99,1.0,"L,W,D,D,W",9,20,7,[]
14064507,2025-10-30,Ligue 1,Metz,RC Lens,Ended,2,0,5.75,5.0,1.45,6.61,18.0,"L,D,L,L,L",6.93,2.0,"W,D,W,W,W",11,16,11,[]
14064509,2025-10-30,Ligue 1,Nice,Lille,Ended,2,0,3.5,3.75,2.0,6.77,8.0,"L,D,D,W,W",6.98,5.0,"L,L,D,W,W",17,11,19,[]
14064508,2025-10-30,Ligue 1,Nantes,AS Monaco,Ended,3,5,4.5,4.0,1.7,6.77,13.0,"D,D,D,L,W",6.83,6.0,"W,L,D,D,W",11,27,12,[]
14064511,2025-10-30,Ligue 1,Olympique de Marseille,Angers,Ended,2,2,1.25,6.5,9.5,6.94,3.0,"W,W,W,W,L",6.73,15.0,"L,L,L,D,W",8,2,8,[]
14064512,2025-10-30,Ligue 1,Paris FC,Olympique Lyonnais,Ended,3,3,2.63,3.5,2.55,6.72,12.0,"L,D,W,L,L",6.89,4.0,"W,W,L,L,W",0,0,1,[]
13981509,2025-10-29,Serie A,Lecce,Napoli,Ended,0,1,6.0,3.6,1.62,6.68,16.0,"L,D,W,D,L",6.89,1.0,"W,L,W,L,W",4,9,5,[]
13981501,2025-10-29,Serie A,Atalanta,Milan,Ended,1,1,2.55,3.25,2.8,6.94,7.0,"W,D,D,D,D",6.99,3.0,"W,W,D,W,D",14,19,14,[]
14083725,2025-10-28,LaLiga,Real Betis,Atlético Madrid,Ended,0,2,3.25,3.5,2.15,6.91,6.0,"D,W,W,W,D",6.83,5.0,"D,W,W,D,W",13,28,14,[]
14843727,2025-10-28,Copa del Rey,CE Constància,Girona FC,AET,2,3,19.0,8.0,1.09,,,,,,,0,0,0,[]
14843704,2025-10-28,Copa del Rey,Ourense CF,Real Oviedo,AET,4,2,4.5,3.9,1.66,,,,,,,0,0,0,[]
14843710,2025-10-28,Copa del Rey,SD Logroñés,Real Racing Club,Ended,0,4,4.5,3.6,1.71,,,,,,,0,3,1,[]
14843686,2025-10-28,Copa del Rey,UCAM Murcia,Cádiz,Ended,1,3,3.4,3.05,2.15,,,,,,,3,1,4,[]
14843672,2025-10-28,Copa del Rey,CD Roda,Granada,Ended,1,5,23.0,7.0,1.09,,,,,,,0,0,0,[]
14843692,2025-10-28,Copa del Rey,Inter Valdemoro,Getafe,Ended,0,11,,,,,,,,,,0,0,0,[]
14843665,2025-10-28,Copa del Rey,UD Maracena,Valencia,Ended,0,5,41.0,21.0,1.01,,,,,,,0,0,0,[]
14843726,2025-10-28,Copa del Rey,Utebo FC,Huesca,Ended,0,3,4.2,2.95,1.96,,,,,,,0,0,0,[]
14843694,2025-10-28,Copa del Rey,CD Extremadura,Las Palmas,Ended,3,1,4.75,3.75,1.62,,,,,,,0,0,0,[]
14843668,2025-10-28,Copa del Rey,CD Toledo,Sevilla,Ended,1,4,41.0,12.0,1.03,,,,,,,0,0,0,[]
14843702,2025-10-28,Copa del Rey,SD Negreira,Real Sociedad,Ended,0,3,67.0,26.0,1.0,,,,,,,0,0,0,[]
14250686,2025-10-28,"CONMEBOL Sudamericana, Knockout stage",Atlético Mineiro,Independiente del Valle,Ended,3,1,1.67,3.5,5.75,,,,,,,2,1,2,[]
14025255,2025-10-27,Premier League,Arsenal,Crystal Palace,Ended,1,0,1.4,5.0,7.5,6.99,1.0,"W,D,W,W,W",6.98,9.0,"D,W,W,L,D",18,4,9,[]
14025257,2025-10-27,Premier League,Aston Villa,Manchester City,Ended,1,0,4.33,3.8,1.8,6.77,12.0,"D,D,W,W,W",7.01,3.0,"W,D,W,W,W",8,34,10,[]
14025253,2025-10-27,Premier League,Bournemouth,Nottingham Forest,Ended,2,0,1.95,3.75,3.7,6.82,5.0,"W,D,D,W,D",6.65,18.0,"L,D,L,L,L",7,3,5,[]
14025271,2025-10-27,Premier League,Wolverhampton,Burnley,Ended,2,3,1.91,3.3,4.33,6.64,20.0,"L,L,D,D,L",6.65,17.0,"L,D,L,L,W",6,7,6,[]
14025263,2025-10-27,Premier League,Everton,Tottenham Hotspur,Ended,0,3,2.2,3.5,3.25,6.87,14.0,"D,L,D,W,L",6.88,8.0,"W,D,D,W,L",11,30,25,[]
13981492,2025-10-27,Serie A,Torino,Genoa,Ended,2,1,2.45,2.88,3.25,6.66,14.0,"W,L,L,D,W",6.70,20.0,"D,L,L,L,D",12,7,10,[]
13981489,2025-10-27,Serie A,Hellas Verona,Cagliari,Ended,2,2,2.0,3.2,4.33,6.64,18.0,"D,D,L,L,D",6.72,14.0,"W,W,L,D,L",10,6,4,[]
13981496,2025-10-27,Serie A,Sassuolo,Roma,Ended,0,1,4.33,3.5,1.9,6.78,12.0,"W,L,W,W,D",6.85,4.0,"L,W,W,W,L",2,11,9,[]
13981502,2025-10-27,Serie A,Fiorentina,Bologna,Ended,2,2,2.7,2.9,2.9,6.71,19.0,"L,L,D,L,L",6.84,5.0,"L,W,D,W,W",19,9,17,[]
13981500,2025-10-27,Serie A,Lazio,Juventus,Ended,1,0,3.5,3.2,2.2,6.90,14.0,"L,L,W,D,D",6.86,8.0,"W,D,D,D,L",16,38,14,[]
14083742,2025-10-27,LaLiga,Mallorca,Levante UD,Ended,1,1,1.95,3.4,4.0,6.76,17.0,"D,L,W,L,W",6.71,16.0,"W,L,D,W,L",7,8,5,[]
14083729,2025-10-27,LaLiga,Real Madrid,Barcelona,Ended,2,1,1.85,4.33,3.6,7.10,1.0,"W,W,L,W,W",7.04,2.0,"W,W,W,L,W",28,42,20,[]
14083733,2025-10-27,LaLiga,Osasuna,Celta Vigo,Ended,2,3,2.35,3.2,3.2,6.85,13.0,"L,D,L,W,L",6.80,18.0,"D,D,L,D,D",9,16,7,[]
14083721,2025-10-27,LaLiga,Rayo Vallecano,Deportivo Alavés,Ended,1,0,2.2,3.1,3.6,6.79,12.0,"D,L,L,W,W",6.75,11.0,"L,D,L,W,D",10,6,2,[]
14025261,2025-10-26,Premier League,Chelsea,Sunderland,Ended,1,2,1.45,4.5,7.0,6.87,5.0,"D,L,L,W,W",6.86,7.0,"D,D,W,L,W",23,8,2,[]
14025269,2025-10-26,Premier League,Newcastle United,Fulham,Ended,2,1,1.62,4.1,5.25,6.82,15.0,"W,D,L,W,L",6.71,16.0,"W,W,L,L,L",16,16,5,[]
14025267,2025-10-26,Premier League,Manchester United,Brighton & Hove Albion,Ended,4,2,1.95,3.8,3.4,6.78,9.0,"L,W,L,W,W",6.76,10.0,"L,D,W,D,W",11,8,0,[]
14025259,2025-10-26,Premier League,Brentford,Liverpool,Ended,3,2,3.7,4.0,1.85,6.73,15.0,"D,L,W,L,W",6.84,5.0,"W,W,L,L,L",1,6,1,[]
13981497,2025-10-26,Serie A,Parma,Como,Ended,0,0,4.5,3.25,1.91,6.71,15.0,"L,D,W,L,D",6.87,6.0,"D,W,D,D,W",4,2,4,[]
13981493,2025-10-26,Serie A,Udinese,Lecce,Ended,3,2,1.95,3.2,4.5,6.77,11.0,"W,L,L,D,D",6.70,16.0,"L,L,D,W,D",18,8,4,[]
13981498,2025-10-26,Serie A,Napoli,Inter,Ended,3,1,3.5,3.2,2.2,6.88,3.0,"W,W,L,W,L",7.01,2.0,"L,W,W,W,W",15,18,14,[]
13981488,2025-10-26,Serie A,Cremonese,Atalanta,Ended,1,1,7.0,4.75,1.42,6.74,11.0,"D,D,D,L,D",6.97,9.0,"W,W,D,D,D",0,2,1,[]
14025265,2025-10-25,Premier League,Leeds United,West Ham United,Ended,2,1,1.75,3.7,4.75,6.67,16.0,"L,W,D,L,L",6.62,19.0,"L,L,D,L,L",15,7,7,[]
13981499,2025-10-25,Serie A,Milan,Pisa,Ended,2,2,1.29,5.75,9.5,6.98,1.0,"W,W,W,D,W",6.72,20.0,"L,L,D,L,D",0,0,0,[]
14083712,2025-10-25,LaLiga,Real Sociedad,Sevilla,Ended,2,1,1.95,3.5,3.8,6.74,18.0,"L,W,L,L,D",6.83,9.0,"W,L,W,W,L",18,21,13,[]
14083708,2025-10-25,LaLiga,Girona FC,Real Oviedo,Ended,3,3,1.75,3.6,5.0,6.64,20.0,"L,D,D,W,L",6.74,19.0,"L,L,W,L,L",4,2,4,[]
14083737,2025-10-25,LaLiga,Espanyol,Elche,Ended,1,0,2.0,3.4,3.8,6.83,6.0,"L,D,D,L,W",6.84,7.0,"W,D,W,L,D",3,3,4,[]
14083704,2025-10-25,LaLiga,Athletic Club,Getafe,Ended,0,1,1.6,3.6,6.25,6.76,8.0,"L,D,L,W,D",6.65,12.0,"L,D,D,L,L",13,9,18,[]
14065124,2025-10-24,Bundesliga,SV Werder Bremen,1. FC Union Berlin,Ended,1,0,2.3,3.5,3.0,6.70,12.0,"W,L,L,W,D",6.73,9.0,"L,W,D,L,W",4,6,1,[]
14167923,2025-10-24,Ligue 1,Paris FC,Nantes,Ended,1,2,1.57,4.1,5.75,6.75,11.0,"W,L,D,W,L",6.76,15.0,"L,D,D,D,L",0,1,0,[]
14771341,2025-10-24,"CONMEBOL Libertadores, Knockout stage",LDU,Palmeiras,Ended,3,0,3.5,2.88,2.35,,,,,,,1,1,0,[]
14572780,2025-10-24,UEFA Europa League,FCSB,Bologna,Ended,1,2,6.5,4.0,1.53,6.80,24.0,"W,L",6.91,27.0,"L,D",0,0,0,[]
14572704,2025-10-24,UEFA Europa League,Fenerbahçe,VfB Stuttgart,Ended,1,0,2.4,3.4,2.88,6.68,20.0,"L,W",6.75,23.0,"W,L",0,0,0,[]
14572811,2025-10-24,UEFA Europa League,Go Ahead Eagles,Aston Villa,Ended,2,1,7.0,4.75,1.42,7.02,16.0,"L,W",7.10,3.0,"W,W",0,0,0,[]
14572820,2025-10-24,UEFA Europa League,KRC Genk,Real Betis,Ended,0,0,3.4,3.75,2.0,6.95,18.0,"W,L",6.87,9.0,"D,W",0,0,0,[]
14572720,2025-10-24,UEFA Europa League,Olympique Lyonnais,Basel,Ended,2,0,1.53,4.5,5.25,7.11,5.0,"W,W",6.96,14.0,"L,W",0,0,0,[]
14572660,2025-10-24,UEFA Europa League,Red Bull Salzburg,Ferencváros TC,Ended,2,3,2.15,3.7,3.1,6.63,34.0,"L,L",6.89,11.0,"D,W",1,0,0,[]
14572824,2025-10-24,UEFA Europa League,SK Brann,Rangers,Ended,3,0,2.1,3.5,3.25,6.80,17.0,"L,W",6.75,32.0,"L,L",0,0,0,[]
14572698,2025-10-24,UEFA Europa League,Sporting Braga,FK Crvena zvezda,Ended,2,0,2.0,3.8,3.5,6.95,4.0,"W,W",6.74,26.0,"D,L",0,1,1,[]
14572793,2025-10-24,UEFA Europa League,Celta Vigo,Nice,Ended,2,1,1.7,3.8,4.75,6.89,18.0,"L,W",6.61,31.0,"L,L",0,0,0,[]
14566911,2025-10-23,UEFA Champions League,Athletic Club,Qarabağ FK,Ended,3,1,1.3,5.5,8.5,6.40,35.0,"L,L",7.00,10.0,"W,W",0,0,0,[]
14566936,2025-10-23,UEFA Champions League,Galatasaray,Bodø/Glimt,Ended,3,1,1.53,4.75,5.25,6.65,20.0,"L,W",6.81,25.0,"D,D",0,0,0,[]
14566927,2025-10-23,UEFA Champions League,AS Monaco,Tottenham Hotspur,Ended,0,0,3.0,3.5,2.3,6.62,29.0,"L,D",6.80,13.0,"W,D",2,1,1,[]
14566728,2025-10-23,UEFA Champions League,Atalanta,SK Slavia Praha,Ended,0,0,1.33,5.25,8.5,6.53,22.0,"L,W",6.72,30.0,"D,L",0,0,0,[]
14566582,2025-10-23,UEFA Champions League,Chelsea,AFC Ajax,Ended,5,1,1.3,5.75,9.0,6.69,20.0,"L,W",6.49,36.0,"L,L",1,0,1,[]
14566754,2025-10-23,UEFA Champions League,Eintracht Frankfurt,Liverpool,Ended,1,5,4.75,4.5,1.57,6.65,17.0,"W,L",6.85,18.0,"W,L",0,0,0,[]
14566571,2025-10-23,UEFA Champions League,FC Bayern München,Club Brugge KV,Ended,4,0,1.13,9.5,15.0,6.96,6.0,"W,W",7.03,15.0,"W,L",1,0,1,[]
14566596,2025-10-23,UEFA Champions League,Real Madrid,Juventus,Ended,1,0,1.44,5.0,6.0,7.08,8.0,"W,W",6.68,25.0,"D,D",7,7,2,[]
14566856,2025-10-23,UEFA Champions League,Sporting CP,Olympique de Marseille,Ended,2,1,2.15,3.5,3.3,6.98,16.0,"W,L",7.00,14.0,"L,W",0,3,1,[]
14771360,2025-10-23,"CONMEBOL Libertadores, Knockout stage",Flamengo,Racing Club,Ended,1,0,1.36,4.5,9.0,,,,,,,1,1,2,[]
14566652,2025-10-22,UEFA Champions League,Barcelona,Olympiacos FC,Ended,6,1,1.2,7.0,12.0,6.91,16.0,"W,L",6.76,29.0,"D,L",1,0,1,[]
14566986,2025-10-22,UEFA Champions League,Kairat Almaty,Pafos FC,Ended,0,0,3.0,3.3,2.38,6.41,36.0,"L,L",6.53,32.0,"D,L",0,0,0,[]
14566718,2025-10-22,UEFA Champions League,Arsenal,Atlético Madrid,Ended,4,0,1.55,4.1,6.0,7.19,6.0,"W,W",6.95,11.0,"L,W",0,2,1,[]
14566704,2025-10-22,UEFA Champions League,Bayer 04 Leverkusen,Paris Saint-Germain,Ended,2,7,5.0,4.0,1.62,6.80,25.0,"D,D",7.12,4.0,"W,W",0,2,0,[]
14566971,2025-10-22,UEFA Champions League,FC København,Borussia Dortmund,Ended,2,4,4.5,3.6,1.8,6.69,29.0,"D,L",6.89,8.0,"D,W",0,1,1,[]
14566956,2025-10-22,UEFA Champions League,Newcastle United,Benfica,Ended,3,0,1.67,4.0,4.75,6.94,12.0,"L,W",6.67,34.0,"L,L",0,2,1,[]
14566893,2025-10-22,UEFA Champions League,PSV Eindhoven,Napoli,Ended,6,2,3.25,3.6,2.15,6.69,28.0,"L,D",6.71,19.0,"L,W",2,0,0,[]
14566949,2025-10-22,UEFA Champions League,Royale Union Saint-Gilloise,Inter,Ended,0,4,4.75,3.7,1.75,6.61,20.0,"W,L",7.21,5.0,"W,W",0,0,0,[]
14566781,2025-10-22,UEFA Champions League,Villarreal,Manchester City,Ended,0,2,4.5,3.9,1.7,6.65,27.0,"L,D",7.02,9.0,"W,D",0,2,0,[]
14504827,2025-10-21,Premier League,West Ham United,Brentford,Ended,0,2,2.8,3.25,2.55,6.62,19.0,"W,L,L,D,L",6.66,16.0,"L,D,L,W,L",4,6,1,[]
13981491,2025-10-21,Serie A,Cremonese,Udinese,Ended,1,1,3.1,3.1,2.45,6.74,10.0,"W,D,D,D,L",6.75,13.0,"W,W,L,L,D",0,2,1,[]
14083655,2025-10-21,LaLiga,Deportivo Alavés,Valencia,Ended,0,0,2.2,3.1,3.6,6.74,11.0,"W,L,D,L,W",6.72,16.0,"L,W,D,L,L",8,15,8,[]
14250684,2025-10-21,"CONMEBOL Sudamericana, Knockout stage",Independiente del Valle,Atlético Mineiro,Ended,1,1,1.9,3.1,4.75,,,,,,,1,2,1,[]
13472834,2025-10-21,Brasileirão Betano,Juventude,Red Bull Bragantino,Ended,1,0,3.2,3.25,2.3,6.75,19.0,"D,D,L,L,L",6.87,10.0,"L,D,D,W,L",4,4,2,[]
13472822,2025-10-21,Brasileirão Betano,Vasco da Gama,Fluminense,Ended,2,0,3.3,3.1,2.25,6.94,9.0,"W,W,L,W,W",6.89,7.0,"W,D,W,L,W",20,12,14,[]
14025249,2025-10-20,Premier League,Tottenham Hotspur,Aston Villa,Ended,1,2,2.15,3.4,3.25,6.91,5.0,"L,W,D,D,W",6.76,13.0,"L,D,D,W,W",28,20,13,[]
14025241,2025-10-20,Premier League,Liverpool,Manchester United,Ended,1,2,1.67,4.33,4.33,6.85,3.0,"W,W,W,L,L",6.77,12.0,"W,L,W,L,W",23,34,17,[]
13981482,2025-10-20,Serie A,Como,Juventus,Ended,2,0,3.1,3.3,2.3,6.84,9.0,"L,D,W,D,D",6.92,5.0,"W,W,D,D,D",0,3,1,[]
13981495,2025-10-20,Serie A,Cagliari,Bologna,Ended,0,2,3.8,3.3,2.05,6.75,11.0,"L,W,W,L,D",6.83,8.0,"W,L,W,D,W",12,16,8,[]
13981494,2025-10-20,Serie A,Genoa,Parma,Ended,0,0,2.25,2.88,3.75,6.68,20.0,"L,D,L,L,L",6.69,16.0,"D,L,D,W,L",9,8,7,[]
13981487,2025-10-20,Serie A,Atalanta,Lazio,Ended,0,0,1.85,3.7,4.1,6.98,8.0,"D,W,W,D,D",6.88,14.0,"W,L,L,W,D",15,21,13,[]
13981486,2025-10-20,Serie A,Milan,Fiorentina,Ended,2,1,1.73,3.6,5.0,6.97,5.0,"W,W,W,W,D",6.75,18.0,"D,L,L,D,L",22,17,13,[]
14083685,2025-10-20,LaLiga,Elche,Athletic Club,Ended,0,0,4.1,3.4,1.95,6.83,8.0,"D,W,D,W,L",6.75,9.0,"L,L,D,L,W",3,5,3,[]
14083670,2025-10-20,LaLiga,Celta Vigo,Real Sociedad,Ended,1,1,2.05,3.5,3.5,6.80,17.0,"D,D,D,L,D",6.75,20.0,"L,L,W,L,L",19,23,18,[]
14083680,2025-10-20,LaLiga,Levante UD,Rayo Vallecano,Ended,0,3,2.7,3.2,2.7,6.74,13.0,"D,W,L,D,W",6.75,14.0,"L,D,L,L,W",9,8,5,[]
14083675,2025-10-20,LaLiga,Getafe,Real Madrid,Ended,0,1,7.0,4.5,1.45,6.69,12.0,"W,L,D,D,L",7.09,2.0,"W,W,W,L,W",6,31,4,[]
14065111,2025-10-20,Bundesliga,SC Freiburg,Eintracht Frankfurt,Ended,2,2,2.45,3.5,2.8,6.78,9.0,"L,W,W,D,D",6.77,8.0,"W,L,L,W,L",10,16,10,[]
14025245,2025-10-19,Premier League,Nottingham Forest,Chelsea,Ended,0,3,3.1,3.5,2.25,6.68,17.0,"L,L,D,L,L",6.83,7.0,"W,D,L,L,W",3,9,5,[]
14025233,2025-10-19,Premier League,Brighton & Hove Albion,Newcastle United,Ended,2,1,2.88,3.4,2.4,6.73,12.0,"W,L,D,W,D",6.85,11.0,"D,W,D,L,W",9,5,8,[]
14025235,2025-10-19,Premier League,Burnley,Leeds United,Ended,2,0,3.6,3.25,2.1,6.61,18.0,"L,L,D,L,L",6.68,15.0,"D,L,W,D,L",5,9,3,[]
14025237,2025-10-19,Premier League,Crystal Palace,Bournemouth,Ended,3,3,2.1,3.4,3.6,6.95,7.0,"W,D,W,W,L",6.86,5.0,"W,W,D,D,W",6,5,6,[]
14025243,2025-10-19,Premier League,Manchester City,Everton,Ended,2,0,1.42,4.5,8.0,6.97,6.0,"L,W,D,W,W",6.92,8.0,"W,D,L,D,W",28,18,11,[]
14025247,2025-10-19,Premier League,Sunderland,Wolverhampton,Ended,2,0,2.4,3.0,3.2,6.85,9.0,"W,D,D,W,L",6.65,20.0,"L,L,L,D,D",2,4,2,[]
14025239,2025-10-19,Premier League,Fulham,Arsenal,Ended,0,1,6.25,4.2,1.5,6.73,14.0,"L,W,W,L,L",6.99,2.0,"L,W,D,W,W",4,24,8,[]
13981490,2025-10-19,Serie A,Lecce,Sassuolo,Ended,0,0,2.75,3.1,2.75,6.67,15.0,"L,L,L,D,W",6.79,9.0,"L,W,L,W,W",1,4,4,[]
13981484,2025-10-19,Serie A,Pisa,Hellas Verona,Ended,0,0,2.63,2.9,3.0,6.68,20.0,"L,L,L,D,L",6.61,18.0,"L,D,D,L,L",0,0,2,[]
13981479,2025-10-19,Serie A,Torino,Napoli,Ended,1,0,5.0,3.2,1.85,6.61,16.0,"D,W,L,L,D",6.90,1.0,"W,W,W,L,W",5,18,7,[]
13981485,2025-10-19,Serie A,Roma,Inter,Ended,0,1,3.5,3.25,2.15,6.87,2.0,"W,L,W,W,W",7.02,4.0,"L,L,W,W,W",17,30,21,[]
14083694,2025-10-18,LaLiga,Real Oviedo,Espanyol,Ended,0,2,2.8,3.1,2.63,6.73,17.0,"L,L,L,W,L",6.80,9.0,"W,L,D,D,L",5,10,5,[]
14083699,2025-10-18,LaLiga,Sevilla,Mallorca,Ended,1,3,1.8,3.4,4.75,6.86,7.0,"D,W,L,W,W",6.73,20.0,"L,D,L,W,L",17,8,13,[]
14083664,2025-10-18,LaLiga,Barcelona,Girona FC,Ended,2,1,1.22,6.5,13.0,7.03,2.0,"W,W,W,W,L",6.62,18.0,"D,L,D,D,W",9,3,2,[]
14065117,2025-10-17,Bundesliga,1. FC Union Berlin,Borussia M'gladbach,Ended,3,1,2.25,3.3,3.2,6.68,13.0,"L,L,W,D,L",6.72,17.0,"L,L,D,L,D",6,3,3,[]
14167897,2025-10-17,Ligue 1,Paris Saint-Germain,RC Strasbourg,Ended,3,3,1.36,5.0,8.0,6.99,1.0,"W,W,L,W,D",6.86,3.0,"L,W,W,L,W",24,3,8,[]
14734220,2025-10-17,"UEFA Champions League, Women, League Phase",Club Atlético de Madrid,Manchester United,Ended,0,1,2.9,3.6,2.2,7.36,6.0,W,7.07,9.0,W,0,0,0,[]
14734227,2025-10-17,"UEFA Champions League, Women, League Phase",Benfica,Arsenal,Ended,0,2,9.5,7.5,1.2,6.56,13.0,L,6.54,12.0,L,0,0,0,[]
14734241,2025-10-17,"UEFA Champions League, Women, League Phase",FC Bayern München,Juventus,Ended,2,1,1.22,7.0,9.0,6.02,16.0,L,6.93,9.0,W,2,0,1,[]
14734243,2025-10-17,"UEFA Champions League, Women, League Phase",Paris Saint-Germain,Real Madrid,Ended,1,2,3.1,3.9,2.1,6.36,15.0,L,7.14,8.0,W,3,0,1,[]
13472812,2025-10-17,Brasileirão Betano,Grêmio,São Paulo,Ended,2,0,3.3,3.0,2.3,6.86,13.0,"W,D,W,D,L",6.92,8.0,"W,L,L,W,L",15,11,8,[]
13472801,2025-10-17,Brasileirão Betano,Fluminense,Juventude,Ended,1,0,1.33,5.0,9.5,6.89,7.0,"W,W,D,W,L",6.74,19.0,"L,D,D,L,L",1,4,3,[]
13472814,2025-10-17,Brasileirão Betano,Vitória,Bahia,Ended,2,1,2.55,3.0,2.9,6.81,17.0,"L,L,L,W,L",6.92,6.0,"D,L,W,L,W",16,17,23,[]
14109676,2025-10-17,Trendyol Süper Lig,Konyaspor,Kocaelispor,Ended,2,3,1.76,3.7,4.1,6.87,8.0,"D,L,L,W,D",6.61,15.0,"D,L,D,L,W",3,1,0,[]
14773643,2025-10-17,Taça de Portugal,Chaves,Benfica,Ended,0,2,13.0,6.5,1.17,,,,,,,1,8,1,[]
13984945,2025-10-17,"Liga MX, Apertura",Club Puebla,Club Tijuana,Ended,4,3,2.3,3.3,3.05,6.68,18.0,"L,L,D,L,L",6.92,6.0,"D,W,L,W,D",10,12,8,[]
13984946,2025-10-17,"Liga MX, Apertura",Atlético San Luis,Atlas FC,Ended,2,0,1.79,3.8,4.1,6.74,15.0,"D,W,L,L,L",6.63,11.0,"D,D,L,W,W",4,5,2,[]
14733254,2025-10-16,"UEFA Champions League, Women, League Phase",OL Lyonnes,SKN St. Pölten,Ended,3,0,1.01,23.0,51.0,6.93,6.0,W,6.18,18.0,L,2,0,0,[]
14734229,2025-10-16,"UEFA Champions League, Women, League Phase",Vålerenga,VfL Wolfsburg,Ended,1,2,6.5,4.75,1.44,6.56,14.0,L,7.07,4.0,W,0,0,0,[]
14734235,2025-10-16,"UEFA Champions League, Women, League Phase",AS Roma,Fútbol Club Barcelona,Ended,0,4,26.0,21.0,1.04,6.41,15.0,L,7.42,3.0,W,0,2,0,[]
14733253,2025-10-16,"UEFA Champions League, Women, League Phase",Chelsea FC,Paris FC,Ended,4,0,1.14,8.0,15.0,6.79,10.0,D,6.92,9.0,D,2,0,0,[]
14733282,2025-10-16,"UEFA Champions League, Women, League Phase",Oud-Heverlee Leuven,FC Twente Vrouwen,Ended,2,1,4.5,4.33,1.62,6.72,8.0,D,6.89,11.0,D,0,0,0,[]
13472805,2025-10-16,Brasileirão Betano,Palmeiras,Red Bull Bragantino,Ended,5,1,1.4,4.75,7.0,6.95,1.0,"W,L,W,W,W",6.88,9.0,"D,L,D,D,W",20,4,6,[]
13472802,2025-10-16,Brasileirão Betano,Botafogo,Flamengo,Ended,0,3,4.5,3.1,1.95,6.99,5.0,"W,D,L,W,L",7.08,2.0,"W,D,W,D,L",13,27,19,[]
13472809,2025-10-16,Brasileirão Betano,Mirassol,Internacional,Ended,3,1,2.2,3.2,3.5,6.96,4.0,"W,L,D,L,W",6.87,15.0,"L,L,D,D,W",0,0,0,[]
13472818,2025-10-16,Brasileirão Betano,Sport Recife,Ceará,Ended,1,1,2.35,3.2,3.3,6.85,20.0,"W,L,D,D,L",6.87,10.0,"D,D,W,L,W",7,9,5,[]
13472810,2025-10-16,Brasileirão Betano,Atlético Mineiro,Cruzeiro,Ended,1,1,3.4,3.0,2.35,6.92,14.0,"L,W,D,L,W",7.01,3.0,"W,W,L,D,D",26,25,19,[]
13472816,2025-10-16,Brasileirão Betano,Fortaleza,Vasco da Gama,Ended,0,2,2.35,3.4,3.0,6.84,18.0,"W,L,W,L,W",6.93,11.0,"D,W,W,L,W",3,5,4,[]
13233640,2025-10-15,World Cup Qual. UEFA E,Spain,Bulgaria,Ended,4,0,1.02,19.0,51.0,7.42,1.0,"W,W,W",6.41,4.0,"L,L,L",2,0,1,[]
13233639,2025-10-15,World Cup Qual. UEFA E,Türkiye,Georgia,Ended,4,1,1.55,4.2,5.25,6.81,2.0,"W,L,W",6.78,3.0,"L,W,L",4,0,1,[]
13233641,2025-10-15,World Cup Qual. UEFA F,Ireland,Armenia,Ended,1,0,1.42,4.5,7.0,6.89,4.0,"D,L,L",6.68,3.0,"L,W,L",3,2,0,[]
13233642,2025-10-15,World Cup Qual. UEFA F,Portugal,Hungary,Ended,2,2,1.22,6.0,12.0,7.24,1.0,"W,W,W",6.88,2.0,"D,L,W",9,0,1,[]
13233644,2025-10-15,World Cup Qual. UEFA I,Estonia,Moldova,Ended,1,1,2.0,3.3,3.75,6.69,4.0,"W,L,L,L,L",6.39,5.0,"L,L,L,L,L",2,0,0,[]
13233645,2025-10-15,World Cup Qual. UEFA I,Italy,Israel,Ended,3,0,1.22,6.25,13.0,7.14,2.0,"L,W,W,W,W",6.90,3.0,"L,W,W,L,L",5,0,1,[]
13233646,2025-10-15,World Cup Qual. UEFA K,Andorra,Serbia,Ended,1,3,19.0,7.5,1.14,6.52,5.0,"L,L,L,L,D",6.97,3.0,"D,W,W,L,L",0,1,0,[]
13233647,2025-10-15,World Cup Qual. UEFA K,Latvia,England,Ended,0,5,29.0,15.0,1.06,6.75,4.0,"L,D,L,L,D",7.34,1.0,"W,W,W,W,W",0,1,0,[]
14206125,2025-10-15,"World Cup Qualification, AFC, Round 4, Gr. A",Qatar,United Arab Emirates,Ended,2,1,2.75,3.0,2.88,,2.0,D,,1.0,W,3,4,3,[]
14206126,2025-10-15,"World Cup Qualification, AFC, Round 4, Gr. B",Saudi Arabia,Iraq,Ended,0,0,1.55,3.75,7.0,,1.0,W,,2.0,W,5,3,1,[]
12183396,2025-10-15,"FIFA World Cup, Qualification CAF, Group B",DR Congo,Sudan,Ended,1,0,1.29,5.5,10.0,,2.0,"W,W,W,L,W",,3.0,"W,D,D,L,D",1,2,0,[]
12183365,2025-10-15,"FIFA World Cup, Qualification CAF, Group B",Senegal,Mauritania,Ended,4,0,1.14,7.0,23.0,,1.0,"D,W,W,W,W",,5.0,"D,L,W,D,D",1,0,0,[]
12183394,2025-10-15,"FIFA World Cup, Qualification CAF, Group C",Nigeria,Benin,Ended,4,0,1.4,4.5,8.5,,3.0,"W,D,W,D,W",,1.0,"D,L,W,W,W",3,0,0,[]
12183391,2025-10-15,"FIFA World Cup, Qualification CAF, Group C",South Africa,Rwanda,Ended,3,0,1.2,6.0,19.0,,2.0,"L,W,W,D,D",,5.0,"L,D,L,W,L",0,1,0,[]
12183389,2025-10-15,"FIFA World Cup, Qualification CAF, Group E",Morocco,Congo Republic,Ended,1,0,1.04,15.0,41.0,,1.0,"W,W,W,W,W",,5.0,"L,L,L,D",2,0,0,[]
13233633,2025-10-13,World Cup Qual. UEFA A,Northern Ireland,Germany,Ended,0,1,9.5,5.0,1.33,6.81,2.0,"W,L,W",7.14,1.0,"L,W,W",0,8,0,[]
13233634,2025-10-13,World Cup Qual. UEFA A,Slovakia,Luxembourg,Ended,2,0,1.33,4.75,10.0,6.88,3.0,"W,W,L",6.46,4.0,"L,L,L",6,1,1,[]
13233631,2025-10-13,World Cup Qual. UEFA B,Slovenia,Switzerland,Ended,0,0,5.0,3.75,1.67,6.70,3.0,"D,L,D",7.23,1.0,"W,W,W",1,4,0,[]
13233632,2025-10-13,World Cup Qual. UEFA B,Sweden,Kosovo,Ended,0,1,1.3,5.0,9.5,6.78,4.0,"D,L,L",6.82,2.0,"L,W,D",3,1,0,[]
13233613,2025-10-13,World Cup Qual. UEFA C,Scotland,Belarus,Ended,2,1,1.12,9.5,15.0,7.04,2.0,"D,W,W",6.47,4.0,"L,L,L",1,1,1,[]
13233626,2025-10-13,World Cup Qual. UEFA C,Denmark,Greece,Ended,3,1,1.67,3.4,5.75,7.43,2.0,"D,W,W",6.89,3.0,"W,L,L",2,1,1,[]
13233635,2025-10-13,World Cup Qual. UEFA D,Iceland,France,Ended,2,2,15.0,6.25,1.2,6.91,3.0,"W,L,L",7.34,1.0,"W,W,W",0,6,2,[]
13233636,2025-10-13,World Cup Qual. UEFA D,Ukraine,Azerbaijan,Ended,2,1,1.25,5.5,13.0,6.80,2.0,"L,D,W",6.53,4.0,"L,D,L",0,0,1,[]
13233629,2025-10-13,World Cup Qual. UEFA G,Netherlands,Finland,Ended,4,0,1.09,9.5,29.0,7.30,1.0,"W,W,D,W,W",6.80,3.0,"D,L,W,L,W",5,0,0,[]
13233628,2025-10-13,World Cup Qual. UEFA G,Lithuania,Poland,Ended,0,2,8.5,4.2,1.42,6.80,4.0,"D,D,D,L,L",7.00,2.0,"W,W,L,D,W",1,3,2,[]
13233612,2025-10-13,World Cup Qual. UEFA H,San Marino,Cyprus,Ended,0,4,10.0,6.0,1.27,6.34,5.0,"L,L,L,L,L",6.91,4.0,"L,L,L,D,D",0,8,0,[]
13233627,2025-10-13,World Cup Qual. UEFA H,Romania,Austria,Ended,1,0,3.9,3.75,1.8,6.96,4.0,"L,W,L,W,D",7.28,1.0,"W,W,W,W,W",1,3,2,[]
13233637,2025-10-13,World Cup Qual. UEFA J,North Macedonia,Kazakhstan,Ended,1,1,1.3,4.75,11.0,6.97,1.0,"D,D,W,W,D",6.85,4.0,"W,L,L,L,W",2,0,0,[]
13233638,2025-10-13,World Cup Qual. UEFA J,Wales,Belgium,Ended,2,4,4.33,4.0,1.7,7.08,3.0,"W,D,W,L,W",7.30,2.0,"D,W,W,W,D",2,4,4,[]
13233614,2025-10-13,World Cup Qual. UEFA L,Faroe Islands,Czechia,Ended,2,1,8.5,4.5,1.38,6.95,3.0,"L,W,L,W,W",7.11,2.0,"W,W,L,W,D",0,6,0,[]
13233607,2025-10-12,World Cup Qual. UEFA E,Bulgaria,Türkiye,Ended,1,6,12.0,5.5,1.27,6.53,4.0,"L,L",6.54,3.0,"W,L",0,2,0,[]
13233608,2025-10-12,World Cup Qual. UEFA E,Spain,Georgia,Ended,2,0,1.14,8.0,19.0,7.48,1.0,"W,W",6.90,2.0,"L,W",7,1,0,[]
13233605,2025-10-12,World Cup Qual. UEFA F,Hungary,Armenia,Ended,2,0,1.36,4.75,9.0,6.74,3.0,"D,L",6.69,2.0,"L,W",0,0,0,[]
13233609,2025-10-12,World Cup Qual. UEFA F,Portugal,Ireland,Ended,1,0,1.14,7.5,23.0,7.24,1.0,"W,W",6.95,4.0,"D,L",3,0,1,[]
13233606,2025-10-12,World Cup Qual. UEFA I,Norway,Israel,Ended,5,0,1.22,6.5,12.0,7.33,1.0,"W,W,W,W,W",7.04,3.0,"W,L,W,W,L",1,0,0,[]
13233610,2025-10-12,World Cup Qual. UEFA I,Estonia,Italy,Ended,1,3,29.0,13.0,1.06,6.71,4.0,"L,W,L,L,L",7.15,2.0,"L,W,W,W",0,4,0,[]
13233604,2025-10-12,World Cup Qual. UEFA K,Latvia,Andorra,Ended,2,2,1.53,3.5,8.5,6.76,4.0,"W,L,D,L,L",6.51,5.0,"L,L,L,L,L",5,0,4,[]
13233611,2025-10-12,World Cup Qual. UEFA K,Serbia,Albania,Ended,0,1,1.7,3.5,5.75,6.97,3.0,"D,W,W,L",6.99,2.0,"L,W,D,D,W",1,0,1,[]
13233600,2025-10-11,World Cup Qual. UEFA A,Germany,Luxembourg,Ended,4,0,1.05,15.0,41.0,6.90,3.0,"L,W",6.60,4.0,"L,L",0,0,0,[]
13233599,2025-10-11,World Cup Qual. UEFA A,Northern Ireland,Slovakia,Ended,2,0,2.4,2.9,3.25,6.72,2.0,"W,L",7.04,1.0,"W,W",0,3,1,[]
13233597,2025-10-11,World Cup Qual. UEFA B,Kosovo,Slovenia,Ended,0,0,2.3,3.25,3.1,6.77,2.0,"L,W",6.61,4.0,"D,L",0,2,0,[]
13233598,2025-10-11,World Cup Qual. UEFA B,Sweden,Switzerland,Ended,0,2,2.35,3.3,2.9,6.82,3.0,"D,L",7.23,1.0,"W,W",1,0,0,[]
13233602,2025-10-11,World Cup Qual. UEFA D,France,Azerbaijan,Ended,3,0,1.02,21.0,51.0,7.20,1.0,"W,W",6.54,4.0,"L,D",0,0,0,[]
13233601,2025-10-11,World Cup Qual. UEFA D,Iceland,Ukraine,Ended,3,5,3.0,3.2,2.4,7.03,2.0,"W,L",6.80,3.0,"L,D",1,2,2,[]
13233596,2025-10-11,World Cup Qual. UEFA J,Kazakhstan,Liechtenstein,Ended,4,0,1.12,8.0,21.0,6.74,4.0,"L,W,L,L,L",6.38,5.0,"L,L,L,L,L",1,0,0,[]
13233603,2025-10-11,World Cup Qual. UEFA J,Belgium,North Macedonia,Ended,0,0,1.17,7.5,17.0,7.30,2.0,"D,W,W,W",6.99,1.0,"W,D,D,W,W",2,0,1,[]
13233588,2025-10-10,World Cup Qual. UEFA C,Belarus,Denmark,Ended,0,6,21.0,8.0,1.11,6.62,4.0,"L,L",7.16,1.0,"D,W",0,1,1,[]
13233589,2025-10-10,World Cup Qual. UEFA C,Scotland,Greece,Ended,3,1,2.8,3.0,2.7,7.12,2.0,"D,W",7.02,3.0,"W,L",1,1,0,[]
13233592,2025-10-10,World Cup Qual. UEFA G,Finland,Lithuania,Ended,2,1,1.48,3.9,7.5,6.78,3.0,"W,D,L,W,L",6.83,4.0,"L,D,D,D,L",0,1,1,[]
13233593,2025-10-10,World Cup Qual. UEFA G,Malta,Netherlands,Ended,0,4,41.0,15.0,1.05,6.64,5.0,"L,L,D,L,D",7.29,1.0,"W,W,D,W",0,1,0,[]
13233590,2025-10-10,World Cup Qual. UEFA H,Austria,San Marino,Ended,10,0,1.0,41.0,51.0,7.12,2.0,"W,W,W,W",6.43,5.0,"L,L,L,L,L",3,0,0,[]
13233591,2025-10-10,World Cup Qual. UEFA H,Cyprus,Bosnia & Herzegovina,Ended,2,2,4.2,3.5,1.85,6.93,4.0,"W,L,L,L,D",7.05,1.0,"W,W,W,W,L",2,3,0,[]
13233594,2025-10-10,World Cup Qual. UEFA L,Czechia,Croatia,Ended,0,0,2.9,3.2,2.5,7.12,2.0,"W,W,W,L,W",7.52,1.0,"W,W,W,W",0,2,2,[]
13233595,2025-10-09,World Cup Qual. UEFA L,Faroe Islands,Montenegro,Ended,4,0,3.5,3.3,2.1,6.90,3.0,"L,L,W,L,W",6.87,4.0,"W,W,L,L,L",0,1,0,[]
14206121,2025-10-09,"World Cup Qualification, AFC, Round 4, Gr. A",Oman,Qatar,Ended,0,0,4.5,3.1,1.95,,,,,,,2,5,3,[]
14206122,2025-10-09,"World Cup Qualification, AFC, Round 4, Gr. B",Indonesia,Saudi Arabia,Ended,2,3,6.5,3.9,1.55,,,,,,,1,2,2,[]
12183422,2025-10-09,"FIFA World Cup, Qualification CAF, Group A",Ethiopia,Guinea-Bissau,Ended,1,0,6.0,3.4,1.67,,5.0,"D,L,W,L,L",,4.0,"D,L,L,D,W",0,0,0,[]
12183429,2025-10-09,"FIFA World Cup, Qualification CAF, Group A",Djibouti,Egypt,Ended,0,3,51.0,19.0,1.02,,6.0,"D,L,L,L,L",,1.0,"D,W,W,W,D",0,3,0,[]
12183427,2025-10-09,"FIFA World Cup, Qualification CAF, Group A",Sierra Leone,Burkina Faso,Ended,0,1,4.5,3.5,1.83,,3.0,"D,W,L,D,W",,2.0,"D,W,W,W,D",0,0,0,[]
12183413,2025-10-09,"FIFA World Cup, Qualification CAF, Group D",Eswatini,Angola,Ended,2,2,6.5,3.75,1.57,,6.0,"L,D,D,L,L",,4.0,"D,D,L,L,W",0,0,0,[]
12183415,2025-10-09,"FIFA World Cup, Qualification CAF, Group D",Libya,Cabo Verde,Ended,3,3,3.6,2.7,2.4,,3.0,"L,D,L,W,W",,1.0,"W,W,W,W,W",1,1,0,[]
